ts,grid_id,api_rain_prob_60,api_rain_mm_60,wind_mps,cloud_pct
2025-07-28 14:00:00+00:00,local-grid-01,0.148,0.0,1.42,34.0
2025-07-28 15:00:00+00:00,local-grid-01,0.818,0.129,1.62,48.0
2025-07-28 16:00:00+00:00,local-grid-01,0.135,0.0,2.53,38.0
2025-07-28 17:00:00+00:00,local-grid-01,0.797,0.153,1.33,83.0
2025-07-28 18:00:00+00:00,local-grid-01,0.894,0.028,2.62,64.0
2025-07-28 19:00:00+00:00,local-grid-01,0.012,0.0,3.11,26.0
2025-07-28 20:00:00+00:00,local-grid-01,0.36,0.0,4.39,58.0
2025-07-28 21:00:00+00:00,local-grid-01,0.785,0.065,3.36,84.0
2025-07-28 22:00:00+00:00,local-grid-01,0.18,0.0,1.75,38.0
2025-07-28 23:00:00+00:00,local-grid-01,0.767,0.053,2.18,59.0
2025-07-29 00:00:00+00:00,local-grid-01,0.388,0.0,1.6,45.0
2025-07-29 01:00:00+00:00,local-grid-01,0.9,0.075,2.19,80.0
2025-07-29 02:00:00+00:00,local-grid-01,0.337,0.0,2.09,40.0
2025-07-29 03:00:00+00:00,local-grid-01,0.126,0.0,0.24,31.0
2025-07-29 04:00:00+00:00,local-grid-01,0.368,0.0,1.47,41.0
2025-07-29 05:00:00+00:00,local-grid-01,0.211,0.0,-0.07,50.0
2025-07-29 06:00:00+00:00,local-grid-01,0.38,0.0,-0.3,51.0
2025-07-29 07:00:00+00:00,local-grid-01,0.077,0.0,-0.65,28.0
2025-07-29 08:00:00+00:00,local-grid-01,0.369,0.0,-0.32,49.0
2025-07-29 09:00:00+00:00,local-grid-01,0.636,4.988,0.09,66.0
2025-07-29 10:00:00+00:00,local-grid-01,0.785,0.298,0.94,53.0
2025-07-29 11:00:00+00:00,local-grid-01,0.054,0.0,-0.3,37.0
2025-07-29 12:00:00+00:00,local-grid-01,0.316,0.0,0.03,59.0
2025-07-29 13:00:00+00:00,local-grid-01,0.092,0.0,1.68,27.0
2025-07-29 14:00:00+00:00,local-grid-01,0.752,0.003,1.33,60.0
2025-07-29 15:00:00+00:00,local-grid-01,0.1,0.0,1.51,46.0
2025-07-29 16:00:00+00:00,local-grid-01,0.359,0.0,2.41,29.0
2025-07-29 17:00:00+00:00,local-grid-01,0.923,0.01,2.26,99.0
2025-07-29 18:00:00+00:00,local-grid-01,0.225,0.0,2.26,31.0
2025-07-29 19:00:00+00:00,local-grid-01,0.306,0.0,2.79,41.0
2025-07-29 20:00:00+00:00,local-grid-01,0.09,0.0,3.16,25.0
2025-07-29 21:00:00+00:00,local-grid-01,0.834,0.099,2.3,60.0
2025-07-29 22:00:00+00:00,local-grid-01,0.176,0.0,3.42,42.0
2025-07-29 23:00:00+00:00,local-grid-01,0.155,0.0,2.48,43.0
2025-07-30 00:00:00+00:00,local-grid-01,0.198,0.0,2.16,33.0
2025-07-30 01:00:00+00:00,local-grid-01,0.068,0.0,1.55,19.0
2025-07-30 02:00:00+00:00,local-grid-01,0.055,0.0,1.27,28.0
2025-07-30 03:00:00+00:00,local-grid-01,0.274,0.0,0.67,48.0
2025-07-30 04:00:00+00:00,local-grid-01,0.733,0.079,1.44,66.0
2025-07-30 05:00:00+00:00,local-grid-01,0.615,0.093,0.54,63.0
2025-07-30 06:00:00+00:00,local-grid-01,0.237,0.0,-0.08,39.0
2025-07-30 07:00:00+00:00,local-grid-01,0.752,0.085,-0.45,45.0
2025-07-30 08:00:00+00:00,local-grid-01,0.078,0.0,-0.27,18.0
2025-07-30 09:00:00+00:00,local-grid-01,0.96,0.089,0.35,89.0
2025-07-30 10:00:00+00:00,local-grid-01,0.875,0.16,-0.01,76.0
2025-07-30 11:00:00+00:00,local-grid-01,0.387,0.0,0.31,39.0
2025-07-30 12:00:00+00:00,local-grid-01,0.39,0.0,0.82,49.0
2025-07-30 13:00:00+00:00,local-grid-01,0.614,0.149,0.78,79.0
2025-07-30 14:00:00+00:00,local-grid-01,0.357,0.0,1.44,42.0
2025-07-30 15:00:00+00:00,local-grid-01,0.221,0.0,3.12,41.0
2025-07-30 16:00:00+00:00,local-grid-01,0.13,0.0,2.36,43.0
2025-07-30 17:00:00+00:00,local-grid-01,0.991,13.102,2.69,73.0
2025-07-30 18:00:00+00:00,local-grid-01,0.998,4.341,2.36,100.0
2025-07-30 19:00:00+00:00,local-grid-01,0.216,0.0,3.47,39.0
2025-07-30 20:00:00+00:00,local-grid-01,0.135,0.0,2.61,48.0
2025-07-30 21:00:00+00:00,local-grid-01,0.125,0.0,3.15,44.0
2025-07-30 22:00:00+00:00,local-grid-01,0.816,0.127,1.56,79.0
2025-07-30 23:00:00+00:00,local-grid-01,0.232,0.0,2.08,48.0
2025-07-31 00:00:00+00:00,local-grid-01,0.18,0.0,1.92,23.0
2025-07-31 01:00:00+00:00,local-grid-01,0.218,0.0,1.7,27.0
2025-07-31 02:00:00+00:00,local-grid-01,0.138,0.0,1.25,53.0
2025-07-31 03:00:00+00:00,local-grid-01,0.938,0.029,1.84,67.0
2025-07-31 04:00:00+00:00,local-grid-01,0.222,0.0,0.71,60.0
2025-07-31 05:00:00+00:00,local-grid-01,0.747,0.096,1.17,53.0
2025-07-31 06:00:00+00:00,local-grid-01,0.939,0.027,-0.36,73.0
2025-07-31 07:00:00+00:00,local-grid-01,0.301,0.0,-0.68,47.0
2025-07-31 08:00:00+00:00,local-grid-01,0.892,0.178,0.9,71.0
2025-07-31 09:00:00+00:00,local-grid-01,0.03,0.0,-0.49,39.0
2025-07-31 10:00:00+00:00,local-grid-01,0.11,0.0,0.37,55.0
2025-07-31 11:00:00+00:00,local-grid-01,0.778,0.035,0.28,62.0
2025-07-31 12:00:00+00:00,local-grid-01,0.645,0.095,0.07,53.0
2025-07-31 13:00:00+00:00,local-grid-01,0.011,0.0,0.29,35.0
2025-07-31 14:00:00+00:00,local-grid-01,0.705,0.119,1.01,70.0
2025-07-31 15:00:00+00:00,local-grid-01,0.183,0.0,1.63,29.0
2025-07-31 16:00:00+00:00,local-grid-01,0.147,0.0,2.5,54.0
2025-07-31 17:00:00+00:00,local-grid-01,0.344,0.0,2.6,39.0
2025-07-31 18:00:00+00:00,local-grid-01,0.91,0.013,2.59,83.0
2025-07-31 19:00:00+00:00,local-grid-01,0.318,0.0,3.57,46.0
2025-07-31 20:00:00+00:00,local-grid-01,0.664,1.685,3.79,74.0
2025-07-31 21:00:00+00:00,local-grid-01,0.945,6.351,3.04,67.0
2025-07-31 22:00:00+00:00,local-grid-01,0.391,0.0,2.51,56.0
2025-07-31 23:00:00+00:00,local-grid-01,0.166,0.0,2.55,18.0
2025-08-01 00:00:00+00:00,local-grid-01,0.207,0.0,2.4,39.0
2025-08-01 01:00:00+00:00,local-grid-01,0.171,0.0,1.01,32.0
2025-08-01 02:00:00+00:00,local-grid-01,0.684,0.048,1.46,69.0
2025-08-01 03:00:00+00:00,local-grid-01,0.081,0.0,1.13,53.0
2025-08-01 04:00:00+00:00,local-grid-01,0.131,0.0,0.15,29.0
2025-08-01 05:00:00+00:00,local-grid-01,0.743,0.05,0.11,70.0
2025-08-01 06:00:00+00:00,local-grid-01,0.039,0.0,-0.25,27.0
2025-08-01 07:00:00+00:00,local-grid-01,0.644,0.128,0.78,76.0
2025-08-01 08:00:00+00:00,local-grid-01,0.849,0.014,-0.74,76.0
2025-08-01 09:00:00+00:00,local-grid-01,0.248,0.0,0.28,39.0
2025-08-01 10:00:00+00:00,local-grid-01,0.069,0.0,1.18,41.0
2025-08-01 11:00:00+00:00,local-grid-01,0.098,0.0,0.38,24.0
2025-08-01 12:00:00+00:00,local-grid-01,0.211,0.0,1.58,43.0
2025-08-01 13:00:00+00:00,local-grid-01,0.267,0.0,1.17,41.0
2025-08-01 14:00:00+00:00,local-grid-01,0.378,0.0,1.79,56.0
2025-08-01 15:00:00+00:00,local-grid-01,0.365,0.0,1.06,29.0
2025-08-01 16:00:00+00:00,local-grid-01,0.123,0.0,3.02,28.0
2025-08-01 17:00:00+00:00,local-grid-01,0.117,0.0,2.38,33.0
2025-08-01 18:00:00+00:00,local-grid-01,0.752,0.087,2.76,52.0
2025-08-01 19:00:00+00:00,local-grid-01,0.352,0.0,2.74,30.0
2025-08-01 20:00:00+00:00,local-grid-01,0.082,0.0,2.54,46.0
2025-08-01 21:00:00+00:00,local-grid-01,0.303,0.0,3.44,44.0
2025-08-01 22:00:00+00:00,local-grid-01,0.116,0.0,2.57,50.0
2025-08-01 23:00:00+00:00,local-grid-01,0.209,0.0,2.08,40.0
2025-08-02 00:00:00+00:00,local-grid-01,0.784,0.043,1.81,81.0
2025-08-02 01:00:00+00:00,local-grid-01,0.894,0.148,1.32,63.0
2025-08-02 02:00:00+00:00,local-grid-01,0.27,0.0,2.4,50.0
2025-08-02 03:00:00+00:00,local-grid-01,0.211,0.0,1.19,26.0
2025-08-02 04:00:00+00:00,local-grid-01,0.234,0.0,0.27,46.0
2025-08-02 05:00:00+00:00,local-grid-01,0.848,0.078,-0.05,95.0
2025-08-02 06:00:00+00:00,local-grid-01,0.33,0.0,0.82,43.0
2025-08-02 07:00:00+00:00,local-grid-01,0.716,0.1,0.21,69.0
2025-08-02 08:00:00+00:00,local-grid-01,0.175,0.0,-0.9,36.0
2025-08-02 09:00:00+00:00,local-grid-01,0.852,0.011,-1.74,76.0
2025-08-02 10:00:00+00:00,local-grid-01,0.388,0.0,0.29,49.0
2025-08-02 11:00:00+00:00,local-grid-01,0.307,0.0,1.26,69.0
2025-08-02 12:00:00+00:00,local-grid-01,0.312,0.0,0.28,49.0
2025-08-02 13:00:00+00:00,local-grid-01,0.664,0.085,1.48,54.0
2025-08-02 14:00:00+00:00,local-grid-01,0.282,0.0,2.57,38.0
2025-08-02 15:00:00+00:00,local-grid-01,0.039,0.0,1.1,46.0
2025-08-02 16:00:00+00:00,local-grid-01,0.018,0.0,1.67,28.0
2025-08-02 17:00:00+00:00,local-grid-01,0.778,0.007,2.35,82.0
2025-08-02 18:00:00+00:00,local-grid-01,0.31,0.0,3.03,55.0
2025-08-02 19:00:00+00:00,local-grid-01,0.305,0.0,3.15,42.0
2025-08-02 20:00:00+00:00,local-grid-01,0.08,0.0,2.93,28.0
2025-08-02 21:00:00+00:00,local-grid-01,0.094,0.0,4.49,40.0
2025-08-02 22:00:00+00:00,local-grid-01,0.336,0.0,3.29,36.0
2025-08-02 23:00:00+00:00,local-grid-01,0.285,0.0,2.36,56.0
2025-08-03 00:00:00+00:00,local-grid-01,0.284,0.0,2.14,38.0
2025-08-03 01:00:00+00:00,local-grid-01,0.667,0.065,1.66,62.0
2025-08-03 02:00:00+00:00,local-grid-01,0.368,0.0,2.25,52.0
2025-08-03 03:00:00+00:00,local-grid-01,0.356,0.0,0.2,52.0
2025-08-03 04:00:00+00:00,local-grid-01,0.137,0.0,0.61,27.0
2025-08-03 05:00:00+00:00,local-grid-01,0.871,0.147,-0.69,54.0
2025-08-03 06:00:00+00:00,local-grid-01,0.35,0.0,0.39,41.0
2025-08-03 07:00:00+00:00,local-grid-01,0.306,0.0,0.36,48.0
2025-08-03 08:00:00+00:00,local-grid-01,0.209,0.0,-0.86,50.0
2025-08-03 09:00:00+00:00,local-grid-01,0.665,0.132,-0.91,49.0
2025-08-03 10:00:00+00:00,local-grid-01,0.085,0.0,0.21,34.0
2025-08-03 11:00:00+00:00,local-grid-01,0.106,0.0,0.65,19.0
2025-08-03 12:00:00+00:00,local-grid-01,0.071,0.0,-0.12,10.0
2025-08-03 13:00:00+00:00,local-grid-01,0.28,0.0,0.95,66.0
2025-08-03 14:00:00+00:00,local-grid-01,0.683,0.054,1.9,59.0
2025-08-03 15:00:00+00:00,local-grid-01,0.073,0.0,2.18,35.0
2025-08-03 16:00:00+00:00,local-grid-01,0.149,0.0,2.0,45.0
2025-08-03 17:00:00+00:00,local-grid-01,0.023,0.0,2.14,49.0
2025-08-03 18:00:00+00:00,local-grid-01,0.313,0.0,1.31,43.0
2025-08-03 19:00:00+00:00,local-grid-01,0.919,0.133,2.49,69.0
2025-08-03 20:00:00+00:00,local-grid-01,0.267,0.0,3.2,37.0
2025-08-03 21:00:00+00:00,local-grid-01,0.002,0.0,2.92,28.0
2025-08-03 22:00:00+00:00,local-grid-01,0.066,0.0,3.25,33.0
2025-08-03 23:00:00+00:00,local-grid-01,0.385,0.0,3.69,49.0
2025-08-04 00:00:00+00:00,local-grid-01,0.842,0.067,2.25,66.0
2025-08-04 01:00:00+00:00,local-grid-01,0.758,0.069,0.66,57.0
2025-08-04 02:00:00+00:00,local-grid-01,0.265,0.0,1.2,60.0
2025-08-04 03:00:00+00:00,local-grid-01,0.626,0.141,1.8,61.0
2025-08-04 04:00:00+00:00,local-grid-01,0.862,0.052,1.48,64.0
2025-08-04 05:00:00+00:00,local-grid-01,0.994,0.041,-0.55,60.0
2025-08-04 06:00:00+00:00,local-grid-01,0.067,0.0,-0.32,35.0
2025-08-04 07:00:00+00:00,local-grid-01,0.166,0.0,-0.08,36.0
2025-08-04 08:00:00+00:00,local-grid-01,0.13,0.0,0.55,28.0
2025-08-04 09:00:00+00:00,local-grid-01,0.084,0.0,-0.49,42.0
2025-08-04 10:00:00+00:00,local-grid-01,0.207,0.0,0.55,28.0
2025-08-04 11:00:00+00:00,local-grid-01,0.382,0.0,-1.21,50.0
2025-08-04 12:00:00+00:00,local-grid-01,0.207,0.0,0.66,45.0
2025-08-04 13:00:00+00:00,local-grid-01,0.009,0.0,0.39,20.0
2025-08-04 14:00:00+00:00,local-grid-01,0.313,0.0,1.33,47.0
2025-08-04 15:00:00+00:00,local-grid-01,0.294,0.0,0.96,42.0
2025-08-04 16:00:00+00:00,local-grid-01,0.297,0.0,2.26,51.0
2025-08-04 17:00:00+00:00,local-grid-01,0.388,0.0,2.89,57.0
2025-08-04 18:00:00+00:00,local-grid-01,0.35,0.0,2.93,23.0
2025-08-04 19:00:00+00:00,local-grid-01,0.196,0.0,3.62,44.0
2025-08-04 20:00:00+00:00,local-grid-01,0.193,0.0,3.07,44.0
2025-08-04 21:00:00+00:00,local-grid-01,0.023,0.0,3.04,49.0
2025-08-04 22:00:00+00:00,local-grid-01,0.258,0.0,2.44,50.0
2025-08-04 23:00:00+00:00,local-grid-01,0.147,0.0,2.81,39.0
2025-08-05 00:00:00+00:00,local-grid-01,0.897,0.095,1.93,71.0
2025-08-05 01:00:00+00:00,local-grid-01,0.832,0.14,1.69,60.0
2025-08-05 02:00:00+00:00,local-grid-01,0.177,0.0,2.14,43.0
2025-08-05 03:00:00+00:00,local-grid-01,0.831,0.021,2.14,65.0
2025-08-05 04:00:00+00:00,local-grid-01,0.113,0.0,0.55,29.0
2025-08-05 05:00:00+00:00,local-grid-01,0.163,0.0,0.68,36.0
2025-08-05 06:00:00+00:00,local-grid-01,0.124,0.0,-0.26,40.0
2025-08-05 07:00:00+00:00,local-grid-01,0.329,0.0,-0.34,57.0
2025-08-05 08:00:00+00:00,local-grid-01,0.051,0.0,-1.48,35.0
2025-08-05 09:00:00+00:00,local-grid-01,0.267,0.0,0.39,46.0
2025-08-05 10:00:00+00:00,local-grid-01,0.051,0.0,-0.07,29.0
2025-08-05 11:00:00+00:00,local-grid-01,0.177,0.0,1.44,34.0
2025-08-05 12:00:00+00:00,local-grid-01,0.11,0.0,0.31,33.0
2025-08-05 13:00:00+00:00,local-grid-01,0.368,0.0,1.1,50.0
2025-08-05 14:00:00+00:00,local-grid-01,0.236,0.0,1.94,30.0
2025-08-05 15:00:00+00:00,local-grid-01,0.23,0.0,3.39,32.0
2025-08-05 16:00:00+00:00,local-grid-01,0.281,0.0,1.73,54.0
2025-08-05 17:00:00+00:00,local-grid-01,0.85,0.069,2.28,73.0
2025-08-05 18:00:00+00:00,local-grid-01,0.034,0.0,2.9,4.0
2025-08-05 19:00:00+00:00,local-grid-01,0.238,0.0,2.76,47.0
2025-08-05 20:00:00+00:00,local-grid-01,0.32,0.0,3.42,47.0
2025-08-05 21:00:00+00:00,local-grid-01,0.379,0.0,3.05,51.0
2025-08-05 22:00:00+00:00,local-grid-01,0.053,0.0,3.55,32.0
2025-08-05 23:00:00+00:00,local-grid-01,0.042,0.0,2.41,49.0
2025-08-06 00:00:00+00:00,local-grid-01,0.339,0.0,2.76,47.0
2025-08-06 01:00:00+00:00,local-grid-01,0.069,0.0,1.87,10.0
2025-08-06 02:00:00+00:00,local-grid-01,0.024,0.0,1.84,45.0
2025-08-06 03:00:00+00:00,local-grid-01,0.247,0.0,1.25,53.0
2025-08-06 04:00:00+00:00,local-grid-01,0.133,0.0,0.71,30.0
2025-08-06 05:00:00+00:00,local-grid-01,0.372,0.0,-0.0,43.0
2025-08-06 06:00:00+00:00,local-grid-01,0.008,0.0,0.71,40.0
2025-08-06 07:00:00+00:00,local-grid-01,0.188,0.0,-0.58,66.0
2025-08-06 08:00:00+00:00,local-grid-01,0.04,0.0,0.38,37.0
2025-08-06 09:00:00+00:00,local-grid-01,0.299,0.0,0.42,38.0
2025-08-06 10:00:00+00:00,local-grid-01,0.396,0.0,1.52,56.0
2025-08-06 11:00:00+00:00,local-grid-01,0.898,0.072,0.95,68.0
2025-08-06 12:00:00+00:00,local-grid-01,0.102,0.0,-0.37,27.0
2025-08-06 13:00:00+00:00,local-grid-01,0.022,0.0,0.54,29.0
2025-08-06 14:00:00+00:00,local-grid-01,0.013,0.0,1.49,39.0
2025-08-06 15:00:00+00:00,local-grid-01,0.879,0.017,1.64,84.0
2025-08-06 16:00:00+00:00,local-grid-01,0.26,0.0,2.46,29.0
2025-08-06 17:00:00+00:00,local-grid-01,0.871,0.056,1.81,67.0
2025-08-06 18:00:00+00:00,local-grid-01,0.962,0.088,1.73,61.0
2025-08-06 19:00:00+00:00,local-grid-01,0.648,0.114,2.38,73.0
2025-08-06 20:00:00+00:00,local-grid-01,0.923,0.013,4.29,80.0
2025-08-06 21:00:00+00:00,local-grid-01,0.869,0.123,3.6,77.0
2025-08-06 22:00:00+00:00,local-grid-01,0.182,0.0,2.46,39.0
2025-08-06 23:00:00+00:00,local-grid-01,0.027,0.0,2.67,34.0
2025-08-07 00:00:00+00:00,local-grid-01,0.169,0.0,1.65,41.0
2025-08-07 01:00:00+00:00,local-grid-01,0.095,0.0,2.4,38.0
2025-08-07 02:00:00+00:00,local-grid-01,0.324,0.0,0.87,38.0
2025-08-07 03:00:00+00:00,local-grid-01,0.275,0.0,0.88,53.0
2025-08-07 04:00:00+00:00,local-grid-01,0.778,0.005,0.29,81.0
2025-08-07 05:00:00+00:00,local-grid-01,0.297,0.0,0.29,47.0
2025-08-07 06:00:00+00:00,local-grid-01,0.149,0.0,0.37,35.0
2025-08-07 07:00:00+00:00,local-grid-01,0.208,0.0,0.04,59.0
2025-08-07 08:00:00+00:00,local-grid-01,0.058,0.0,0.59,40.0
2025-08-07 09:00:00+00:00,local-grid-01,0.214,0.0,-0.55,25.0
2025-08-07 10:00:00+00:00,local-grid-01,0.381,0.0,-1.29,56.0
2025-08-07 11:00:00+00:00,local-grid-01,0.966,0.067,0.54,90.0
2025-08-07 12:00:00+00:00,local-grid-01,0.186,0.0,1.72,38.0
2025-08-07 13:00:00+00:00,local-grid-01,0.192,0.0,0.5,27.0
2025-08-07 14:00:00+00:00,local-grid-01,0.098,0.0,1.85,47.0
2025-08-07 15:00:00+00:00,local-grid-01,0.329,0.0,1.61,50.0
2025-08-07 16:00:00+00:00,local-grid-01,0.037,0.0,1.78,44.0
2025-08-07 17:00:00+00:00,local-grid-01,0.399,0.0,2.09,52.0
2025-08-07 18:00:00+00:00,local-grid-01,0.266,0.0,3.1,26.0
2025-08-07 19:00:00+00:00,local-grid-01,0.14,0.0,3.76,44.0
2025-08-07 20:00:00+00:00,local-grid-01,0.259,0.0,3.71,50.0
2025-08-07 21:00:00+00:00,local-grid-01,0.952,0.026,3.47,68.0
2025-08-07 22:00:00+00:00,local-grid-01,0.908,0.022,2.88,100.0
2025-08-07 23:00:00+00:00,local-grid-01,0.064,0.0,2.17,24.0
2025-08-08 00:00:00+00:00,local-grid-01,0.802,0.105,2.81,63.0
2025-08-08 01:00:00+00:00,local-grid-01,0.216,0.0,2.69,57.0
2025-08-08 02:00:00+00:00,local-grid-01,0.204,0.0,1.24,27.0
2025-08-08 03:00:00+00:00,local-grid-01,0.032,0.0,0.85,31.0
2025-08-08 04:00:00+00:00,local-grid-01,0.63,0.156,1.0,55.0
2025-08-08 05:00:00+00:00,local-grid-01,0.346,0.0,-0.17,47.0
2025-08-08 06:00:00+00:00,local-grid-01,0.065,0.0,0.34,23.0
2025-08-08 07:00:00+00:00,local-grid-01,0.085,0.0,-1.14,54.0
2025-08-08 08:00:00+00:00,local-grid-01,0.152,0.0,0.62,29.0
2025-08-08 09:00:00+00:00,local-grid-01,0.327,0.0,0.12,54.0
2025-08-08 10:00:00+00:00,local-grid-01,0.13,0.0,0.28,22.0
2025-08-08 11:00:00+00:00,local-grid-01,0.693,0.047,0.76,63.0
2025-08-08 12:00:00+00:00,local-grid-01,0.398,0.0,0.46,63.0
2025-08-08 13:00:00+00:00,local-grid-01,0.951,0.048,1.69,79.0
2025-08-08 14:00:00+00:00,local-grid-01,0.004,0.0,2.21,44.0
2025-08-08 15:00:00+00:00,local-grid-01,0.807,0.858,2.34,68.0
2025-08-08 16:00:00+00:00,local-grid-01,0.815,11.959,2.71,77.0
2025-08-08 17:00:00+00:00,local-grid-01,0.189,0.0,4.47,41.0
2025-08-08 18:00:00+00:00,local-grid-01,0.729,0.083,3.76,57.0
2025-08-08 19:00:00+00:00,local-grid-01,0.284,0.0,2.58,56.0
2025-08-08 20:00:00+00:00,local-grid-01,0.151,0.0,3.11,29.0
2025-08-08 21:00:00+00:00,local-grid-01,0.307,0.0,1.93,50.0
2025-08-08 22:00:00+00:00,local-grid-01,0.018,0.0,3.23,29.0
2025-08-08 23:00:00+00:00,local-grid-01,0.105,0.0,2.23,38.0
2025-08-09 00:00:00+00:00,local-grid-01,0.132,0.0,3.31,37.0
2025-08-09 01:00:00+00:00,local-grid-01,0.009,0.0,2.3,51.0
2025-08-09 02:00:00+00:00,local-grid-01,0.094,0.0,1.21,42.0
2025-08-09 03:00:00+00:00,local-grid-01,0.871,0.156,1.16,70.0
2025-08-09 04:00:00+00:00,local-grid-01,0.669,0.074,1.41,61.0
2025-08-09 05:00:00+00:00,local-grid-01,0.3,0.0,0.92,45.0
2025-08-09 06:00:00+00:00,local-grid-01,0.393,0.0,-0.22,46.0
2025-08-09 07:00:00+00:00,local-grid-01,0.202,0.0,0.9,27.0
2025-08-09 08:00:00+00:00,local-grid-01,0.072,0.0,-1.33,54.0
2025-08-09 09:00:00+00:00,local-grid-01,0.237,0.0,-0.78,51.0
2025-08-09 10:00:00+00:00,local-grid-01,0.136,0.0,0.17,30.0
2025-08-09 11:00:00+00:00,local-grid-01,0.011,0.0,0.2,33.0
2025-08-09 12:00:00+00:00,local-grid-01,0.202,0.0,0.92,53.0
2025-08-09 13:00:00+00:00,local-grid-01,0.246,0.0,0.43,38.0
2025-08-09 14:00:00+00:00,local-grid-01,0.638,0.065,1.06,44.0
2025-08-09 15:00:00+00:00,local-grid-01,0.157,0.0,1.24,30.0
2025-08-09 16:00:00+00:00,local-grid-01,0.826,0.03,1.56,60.0
2025-08-09 17:00:00+00:00,local-grid-01,0.733,17.77,2.5,66.0
2025-08-09 18:00:00+00:00,local-grid-01,0.896,1.775,2.16,62.0
2025-08-09 19:00:00+00:00,local-grid-01,0.607,0.091,2.66,69.0
2025-08-09 20:00:00+00:00,local-grid-01,0.79,0.159,2.73,71.0
2025-08-09 21:00:00+00:00,local-grid-01,0.379,0.0,2.94,56.0
2025-08-09 22:00:00+00:00,local-grid-01,0.933,0.032,1.78,83.0
2025-08-09 23:00:00+00:00,local-grid-01,0.333,0.0,2.8,36.0
2025-08-10 00:00:00+00:00,local-grid-01,0.652,0.001,1.86,40.0
2025-08-10 01:00:00+00:00,local-grid-01,0.052,0.0,2.07,41.0
2025-08-10 02:00:00+00:00,local-grid-01,0.887,0.455,1.4,67.0
2025-08-10 03:00:00+00:00,local-grid-01,0.901,14.094,1.3,82.0
2025-08-10 04:00:00+00:00,local-grid-01,0.085,0.0,0.87,33.0
2025-08-10 05:00:00+00:00,local-grid-01,0.113,0.0,1.49,38.0
2025-08-10 06:00:00+00:00,local-grid-01,0.307,0.0,-0.69,55.0
2025-08-10 07:00:00+00:00,local-grid-01,0.151,0.0,1.08,30.0
2025-08-10 08:00:00+00:00,local-grid-01,0.278,0.0,0.73,37.0
2025-08-10 09:00:00+00:00,local-grid-01,0.783,0.038,-0.16,83.0
2025-08-10 10:00:00+00:00,local-grid-01,0.371,0.0,0.66,58.0
2025-08-10 11:00:00+00:00,local-grid-01,0.303,0.0,1.75,49.0
2025-08-10 12:00:00+00:00,local-grid-01,0.257,0.0,-0.09,29.0
2025-08-10 13:00:00+00:00,local-grid-01,0.007,0.0,1.25,28.0
2025-08-10 14:00:00+00:00,local-grid-01,0.371,0.0,0.82,38.0
2025-08-10 15:00:00+00:00,local-grid-01,0.227,0.0,2.11,35.0
2025-08-10 16:00:00+00:00,local-grid-01,0.063,0.0,2.84,25.0
2025-08-10 17:00:00+00:00,local-grid-01,0.243,0.0,1.97,32.0
2025-08-10 18:00:00+00:00,local-grid-01,0.295,0.0,2.47,45.0
2025-08-10 19:00:00+00:00,local-grid-01,0.978,0.145,2.93,70.0
2025-08-10 20:00:00+00:00,local-grid-01,0.124,0.0,3.56,32.0
2025-08-10 21:00:00+00:00,local-grid-01,0.14,0.0,3.6,29.0
2025-08-10 22:00:00+00:00,local-grid-01,0.298,0.0,3.12,58.0
2025-08-10 23:00:00+00:00,local-grid-01,0.976,0.005,2.75,81.0
2025-08-11 00:00:00+00:00,local-grid-01,0.39,0.0,2.28,55.0
2025-08-11 01:00:00+00:00,local-grid-01,0.219,0.0,2.46,40.0
2025-08-11 02:00:00+00:00,local-grid-01,0.115,0.0,1.84,35.0
2025-08-11 03:00:00+00:00,local-grid-01,0.676,0.129,1.59,66.0
2025-08-11 04:00:00+00:00,local-grid-01,0.003,0.0,0.9,45.0
2025-08-11 05:00:00+00:00,local-grid-01,0.347,0.0,-0.3,58.0
2025-08-11 06:00:00+00:00,local-grid-01,0.385,0.0,-0.47,50.0
2025-08-11 07:00:00+00:00,local-grid-01,0.304,0.0,0.37,36.0
2025-08-11 08:00:00+00:00,local-grid-01,0.312,0.0,-0.26,52.0
2025-08-11 09:00:00+00:00,local-grid-01,0.251,0.0,0.36,38.0
2025-08-11 10:00:00+00:00,local-grid-01,0.955,0.026,-0.05,73.0
2025-08-11 11:00:00+00:00,local-grid-01,0.136,0.0,-0.01,35.0
2025-08-11 12:00:00+00:00,local-grid-01,0.206,0.0,1.19,42.0
2025-08-11 13:00:00+00:00,local-grid-01,0.049,0.0,0.33,42.0
2025-08-11 14:00:00+00:00,local-grid-01,0.302,0.0,1.86,35.0
2025-08-11 15:00:00+00:00,local-grid-01,0.356,0.0,1.68,53.0
2025-08-11 16:00:00+00:00,local-grid-01,0.031,0.0,1.81,29.0
2025-08-11 17:00:00+00:00,local-grid-01,0.697,0.083,2.33,95.0
2025-08-11 18:00:00+00:00,local-grid-01,0.296,0.0,2.89,43.0
2025-08-11 19:00:00+00:00,local-grid-01,0.062,0.0,4.01,44.0
2025-08-11 20:00:00+00:00,local-grid-01,0.729,0.064,3.3,84.0
2025-08-11 21:00:00+00:00,local-grid-01,0.614,0.075,3.62,51.0
2025-08-11 22:00:00+00:00,local-grid-01,0.751,0.06,3.24,67.0
2025-08-11 23:00:00+00:00,local-grid-01,0.386,0.0,2.69,54.0
2025-08-12 00:00:00+00:00,local-grid-01,0.17,0.0,2.01,30.0
2025-08-12 01:00:00+00:00,local-grid-01,0.163,0.0,1.65,34.0
2025-08-12 02:00:00+00:00,local-grid-01,0.99,0.237,1.39,77.0
2025-08-12 03:00:00+00:00,local-grid-01,0.847,0.048,1.75,80.0
2025-08-12 04:00:00+00:00,local-grid-01,0.037,0.0,2.15,48.0
2025-08-12 05:00:00+00:00,local-grid-01,0.379,0.0,0.25,47.0
2025-08-12 06:00:00+00:00,local-grid-01,0.268,0.0,0.34,34.0
2025-08-12 07:00:00+00:00,local-grid-01,0.872,0.168,0.11,95.0
2025-08-12 08:00:00+00:00,local-grid-01,0.29,0.0,-0.24,50.0
2025-08-12 09:00:00+00:00,local-grid-01,0.116,0.0,-1.13,44.0
2025-08-12 10:00:00+00:00,local-grid-01,0.393,0.0,1.06,33.0
2025-08-12 11:00:00+00:00,local-grid-01,0.316,0.0,0.77,30.0
2025-08-12 12:00:00+00:00,local-grid-01,0.662,0.088,1.11,59.0
2025-08-12 13:00:00+00:00,local-grid-01,0.204,0.0,0.81,46.0
2025-08-12 14:00:00+00:00,local-grid-01,0.622,0.076,1.9,61.0
2025-08-12 15:00:00+00:00,local-grid-01,0.003,0.0,1.21,24.0
2025-08-12 16:00:00+00:00,local-grid-01,0.269,0.0,2.44,32.0
2025-08-12 17:00:00+00:00,local-grid-01,0.124,0.0,1.96,45.0
2025-08-12 18:00:00+00:00,local-grid-01,0.144,0.0,2.22,42.0
2025-08-12 19:00:00+00:00,local-grid-01,0.308,0.0,2.92,39.0
2025-08-12 20:00:00+00:00,local-grid-01,0.162,0.0,2.82,37.0
2025-08-12 21:00:00+00:00,local-grid-01,0.285,0.0,3.92,36.0
2025-08-12 22:00:00+00:00,local-grid-01,0.288,0.0,1.78,36.0
2025-08-12 23:00:00+00:00,local-grid-01,0.285,0.0,2.88,46.0
2025-08-13 00:00:00+00:00,local-grid-01,0.163,0.0,2.9,58.0
2025-08-13 01:00:00+00:00,local-grid-01,0.191,0.0,1.49,43.0
2025-08-13 02:00:00+00:00,local-grid-01,0.168,0.0,1.33,44.0
2025-08-13 03:00:00+00:00,local-grid-01,0.117,0.0,1.55,33.0
2025-08-13 04:00:00+00:00,local-grid-01,0.005,0.0,0.2,28.0
2025-08-13 05:00:00+00:00,local-grid-01,0.638,0.028,0.45,68.0
2025-08-13 06:00:00+00:00,local-grid-01,0.023,0.0,0.13,34.0
2025-08-13 07:00:00+00:00,local-grid-01,0.119,0.0,0.28,41.0
2025-08-13 08:00:00+00:00,local-grid-01,0.216,0.0,0.1,29.0
2025-08-13 09:00:00+00:00,local-grid-01,0.858,0.026,-0.01,72.0
2025-08-13 10:00:00+00:00,local-grid-01,0.091,0.0,0.18,34.0
2025-08-13 11:00:00+00:00,local-grid-01,0.124,0.0,0.18,42.0
2025-08-13 12:00:00+00:00,local-grid-01,0.378,0.0,1.23,53.0
2025-08-13 13:00:00+00:00,local-grid-01,0.185,0.0,1.24,32.0
2025-08-13 14:00:00+00:00,local-grid-01,0.177,0.0,1.58,50.0
2025-08-13 15:00:00+00:00,local-grid-01,0.874,0.005,2.81,87.0
2025-08-13 16:00:00+00:00,local-grid-01,0.904,0.007,2.74,69.0
2025-08-13 17:00:00+00:00,local-grid-01,0.731,0.165,2.25,57.0
2025-08-13 18:00:00+00:00,local-grid-01,0.173,0.0,4.11,32.0
2025-08-13 19:00:00+00:00,local-grid-01,0.111,0.0,2.72,29.0
2025-08-13 20:00:00+00:00,local-grid-01,0.254,0.0,4.57,43.0
2025-08-13 21:00:00+00:00,local-grid-01,0.382,0.0,0.89,60.0
2025-08-13 22:00:00+00:00,local-grid-01,0.082,0.0,2.51,33.0
2025-08-13 23:00:00+00:00,local-grid-01,0.393,0.0,2.5,62.0
2025-08-14 00:00:00+00:00,local-grid-01,0.89,0.116,2.15,91.0
2025-08-14 01:00:00+00:00,local-grid-01,0.966,0.11,1.72,89.0
2025-08-14 02:00:00+00:00,local-grid-01,0.232,0.0,1.81,51.0
2025-08-14 03:00:00+00:00,local-grid-01,0.258,0.0,0.8,52.0
2025-08-14 04:00:00+00:00,local-grid-01,0.304,0.0,0.81,46.0
2025-08-14 05:00:00+00:00,local-grid-01,0.187,0.0,0.63,28.0
2025-08-14 06:00:00+00:00,local-grid-01,0.319,0.0,2.14,57.0
2025-08-14 07:00:00+00:00,local-grid-01,0.268,0.0,1.01,52.0
2025-08-14 08:00:00+00:00,local-grid-01,0.284,0.0,0.38,30.0
2025-08-14 09:00:00+00:00,local-grid-01,0.228,0.0,0.94,39.0
2025-08-14 10:00:00+00:00,local-grid-01,0.12,0.0,-1.1,36.0
2025-08-14 11:00:00+00:00,local-grid-01,0.362,0.0,-0.44,44.0
2025-08-14 12:00:00+00:00,local-grid-01,0.981,0.053,0.63,89.0
2025-08-14 13:00:00+00:00,local-grid-01,0.033,0.0,0.47,40.0
2025-08-14 14:00:00+00:00,local-grid-01,0.118,0.0,1.84,43.0
2025-08-14 15:00:00+00:00,local-grid-01,0.636,0.073,2.43,60.0
2025-08-14 16:00:00+00:00,local-grid-01,0.685,0.053,2.13,57.0
2025-08-14 17:00:00+00:00,local-grid-01,0.61,0.017,2.1,73.0
2025-08-14 18:00:00+00:00,local-grid-01,0.106,0.0,3.63,26.0
2025-08-14 19:00:00+00:00,local-grid-01,0.309,0.0,1.84,31.0
2025-08-14 20:00:00+00:00,local-grid-01,0.032,0.0,2.83,30.0
2025-08-14 21:00:00+00:00,local-grid-01,0.329,0.0,2.35,45.0
2025-08-14 22:00:00+00:00,local-grid-01,0.215,0.0,2.77,43.0
2025-08-14 23:00:00+00:00,local-grid-01,0.225,0.0,2.35,50.0
2025-08-15 00:00:00+00:00,local-grid-01,0.611,0.005,2.13,70.0
2025-08-15 01:00:00+00:00,local-grid-01,0.168,0.0,2.06,45.0
2025-08-15 02:00:00+00:00,local-grid-01,0.3,0.0,2.66,40.0
2025-08-15 03:00:00+00:00,local-grid-01,0.198,0.0,1.77,41.0
2025-08-15 04:00:00+00:00,local-grid-01,0.243,0.0,0.57,42.0
2025-08-15 05:00:00+00:00,local-grid-01,0.113,0.0,0.12,51.0
2025-08-15 06:00:00+00:00,local-grid-01,0.11,0.0,0.46,26.0
2025-08-15 07:00:00+00:00,local-grid-01,0.084,0.0,-0.86,29.0
2025-08-15 08:00:00+00:00,local-grid-01,0.016,0.0,-1.27,50.0
2025-08-15 09:00:00+00:00,local-grid-01,0.761,0.022,0.14,82.0
2025-08-15 10:00:00+00:00,local-grid-01,0.33,0.0,0.14,47.0
2025-08-15 11:00:00+00:00,local-grid-01,0.96,0.023,1.29,76.0
2025-08-15 12:00:00+00:00,local-grid-01,0.812,0.168,0.66,80.0
2025-08-15 13:00:00+00:00,local-grid-01,0.22,0.0,1.6,52.0
2025-08-15 14:00:00+00:00,local-grid-01,0.083,0.0,1.79,34.0
2025-08-15 15:00:00+00:00,local-grid-01,0.835,0.152,1.88,91.0
2025-08-15 16:00:00+00:00,local-grid-01,0.205,0.0,1.58,39.0
2025-08-15 17:00:00+00:00,local-grid-01,0.224,0.0,2.53,43.0
2025-08-15 18:00:00+00:00,local-grid-01,0.849,0.108,2.1,88.0
2025-08-15 19:00:00+00:00,local-grid-01,0.393,0.0,2.53,48.0
2025-08-15 20:00:00+00:00,local-grid-01,0.18,0.0,2.22,57.0
2025-08-15 21:00:00+00:00,local-grid-01,0.207,0.0,3.68,48.0
2025-08-15 22:00:00+00:00,local-grid-01,0.198,0.0,2.73,34.0
2025-08-15 23:00:00+00:00,local-grid-01,0.795,0.001,1.96,85.0
2025-08-16 00:00:00+00:00,local-grid-01,0.336,0.0,1.51,42.0
2025-08-16 01:00:00+00:00,local-grid-01,0.086,0.0,2.48,23.0
2025-08-16 02:00:00+00:00,local-grid-01,0.98,0.128,1.96,79.0
2025-08-16 03:00:00+00:00,local-grid-01,0.088,0.0,0.34,28.0
2025-08-16 04:00:00+00:00,local-grid-01,0.966,0.076,1.1,76.0
2025-08-16 05:00:00+00:00,local-grid-01,0.159,0.0,0.07,33.0
2025-08-16 06:00:00+00:00,local-grid-01,0.024,0.0,0.67,23.0
2025-08-16 07:00:00+00:00,local-grid-01,0.272,0.0,-0.88,27.0
2025-08-16 08:00:00+00:00,local-grid-01,0.358,0.0,0.0,56.0
2025-08-16 09:00:00+00:00,local-grid-01,0.281,0.0,0.25,50.0
2025-08-16 10:00:00+00:00,local-grid-01,0.046,0.0,1.12,38.0
2025-08-16 11:00:00+00:00,local-grid-01,0.738,0.03,0.01,70.0
2025-08-16 12:00:00+00:00,local-grid-01,0.631,0.121,0.15,53.0
2025-08-16 13:00:00+00:00,local-grid-01,0.399,0.0,0.38,54.0
2025-08-16 14:00:00+00:00,local-grid-01,0.075,0.0,0.96,28.0
2025-08-16 15:00:00+00:00,local-grid-01,0.345,0.0,2.66,40.0
2025-08-16 16:00:00+00:00,local-grid-01,0.638,0.08,1.64,42.0
2025-08-16 17:00:00+00:00,local-grid-01,0.015,0.0,2.71,41.0
2025-08-16 18:00:00+00:00,local-grid-01,0.333,0.0,2.94,39.0
2025-08-16 19:00:00+00:00,local-grid-01,0.176,0.0,2.24,45.0
2025-08-16 20:00:00+00:00,local-grid-01,0.213,0.0,3.31,27.0
2025-08-16 21:00:00+00:00,local-grid-01,0.263,0.0,3.49,36.0
2025-08-16 22:00:00+00:00,local-grid-01,0.066,0.0,2.46,45.0
2025-08-16 23:00:00+00:00,local-grid-01,0.173,0.0,2.43,47.0
2025-08-17 00:00:00+00:00,local-grid-01,0.055,0.0,2.01,45.0
2025-08-17 01:00:00+00:00,local-grid-01,0.099,0.0,1.17,30.0
2025-08-17 02:00:00+00:00,local-grid-01,0.296,0.0,1.74,34.0
2025-08-17 03:00:00+00:00,local-grid-01,0.237,0.0,1.08,46.0
2025-08-17 04:00:00+00:00,local-grid-01,0.056,0.0,0.87,17.0
2025-08-17 05:00:00+00:00,local-grid-01,0.185,0.0,-0.88,33.0
2025-08-17 06:00:00+00:00,local-grid-01,0.048,0.0,0.4,25.0
2025-08-17 07:00:00+00:00,local-grid-01,0.203,0.0,0.82,55.0
2025-08-17 08:00:00+00:00,local-grid-01,0.163,0.0,-0.37,32.0
2025-08-17 09:00:00+00:00,local-grid-01,0.02,0.0,-0.49,33.0
2025-08-17 10:00:00+00:00,local-grid-01,0.229,0.0,0.63,28.0
2025-08-17 11:00:00+00:00,local-grid-01,0.028,0.0,-0.31,42.0
2025-08-17 12:00:00+00:00,local-grid-01,0.064,0.0,-0.74,40.0
2025-08-17 13:00:00+00:00,local-grid-01,0.795,0.055,1.2,66.0
2025-08-17 14:00:00+00:00,local-grid-01,0.001,0.0,1.13,40.0
2025-08-17 15:00:00+00:00,local-grid-01,0.37,0.0,2.26,63.0
2025-08-17 16:00:00+00:00,local-grid-01,0.107,0.0,2.28,31.0
2025-08-17 17:00:00+00:00,local-grid-01,0.081,0.0,2.95,45.0
2025-08-17 18:00:00+00:00,local-grid-01,0.974,0.12,2.87,79.0
2025-08-17 19:00:00+00:00,local-grid-01,0.07,0.0,3.45,20.0
2025-08-17 20:00:00+00:00,local-grid-01,0.057,0.0,4.88,37.0
2025-08-17 21:00:00+00:00,local-grid-01,0.33,0.0,2.69,41.0
2025-08-17 22:00:00+00:00,local-grid-01,0.011,0.0,2.68,18.0
2025-08-17 23:00:00+00:00,local-grid-01,0.003,0.0,1.89,32.0
2025-08-18 00:00:00+00:00,local-grid-01,0.291,0.0,2.09,48.0
2025-08-18 01:00:00+00:00,local-grid-01,0.346,0.0,1.88,67.0
2025-08-18 02:00:00+00:00,local-grid-01,0.72,0.074,1.25,65.0
2025-08-18 03:00:00+00:00,local-grid-01,0.243,0.0,1.16,30.0
2025-08-18 04:00:00+00:00,local-grid-01,0.349,0.0,0.82,43.0
2025-08-18 05:00:00+00:00,local-grid-01,0.204,0.0,0.58,51.0
2025-08-18 06:00:00+00:00,local-grid-01,0.377,0.0,-0.06,68.0
2025-08-18 07:00:00+00:00,local-grid-01,0.629,0.075,-0.92,70.0
2025-08-18 08:00:00+00:00,local-grid-01,0.093,0.0,0.4,39.0
2025-08-18 09:00:00+00:00,local-grid-01,0.241,0.0,-0.15,38.0
2025-08-18 10:00:00+00:00,local-grid-01,0.038,0.0,0.66,27.0
2025-08-18 11:00:00+00:00,local-grid-01,0.011,0.0,0.2,36.0
2025-08-18 12:00:00+00:00,local-grid-01,0.006,0.0,-0.1,33.0
2025-08-18 13:00:00+00:00,local-grid-01,0.947,0.117,0.91,62.0
2025-08-18 14:00:00+00:00,local-grid-01,0.197,0.0,0.36,27.0
2025-08-18 15:00:00+00:00,local-grid-01,0.386,0.0,1.3,47.0
2025-08-18 16:00:00+00:00,local-grid-01,0.081,0.0,2.06,35.0
2025-08-18 17:00:00+00:00,local-grid-01,0.178,0.0,1.82,33.0
2025-08-18 18:00:00+00:00,local-grid-01,0.604,0.105,2.65,64.0
2025-08-18 19:00:00+00:00,local-grid-01,0.735,0.13,2.37,69.0
2025-08-18 20:00:00+00:00,local-grid-01,0.322,0.0,3.33,50.0
2025-08-18 21:00:00+00:00,local-grid-01,0.29,0.0,1.74,53.0
2025-08-18 22:00:00+00:00,local-grid-01,0.32,0.0,2.95,35.0
2025-08-18 23:00:00+00:00,local-grid-01,0.374,0.0,2.47,50.0
2025-08-19 00:00:00+00:00,local-grid-01,0.237,0.0,1.81,44.0
2025-08-19 01:00:00+00:00,local-grid-01,0.363,0.0,1.77,55.0
2025-08-19 02:00:00+00:00,local-grid-01,0.097,0.0,1.71,35.0
2025-08-19 03:00:00+00:00,local-grid-01,0.814,0.137,-0.34,62.0
2025-08-19 04:00:00+00:00,local-grid-01,0.857,0.12,1.1,72.0
2025-08-19 05:00:00+00:00,local-grid-01,0.198,0.0,1.39,40.0
2025-08-19 06:00:00+00:00,local-grid-01,0.252,0.0,-0.63,43.0
2025-08-19 07:00:00+00:00,local-grid-01,0.204,0.0,1.11,55.0
2025-08-19 08:00:00+00:00,local-grid-01,0.381,0.0,0.54,43.0
2025-08-19 09:00:00+00:00,local-grid-01,0.309,0.0,-0.41,48.0
2025-08-19 10:00:00+00:00,local-grid-01,0.843,0.002,0.26,54.0
2025-08-19 11:00:00+00:00,local-grid-01,0.144,0.0,0.07,29.0
2025-08-19 12:00:00+00:00,local-grid-01,0.692,0.07,0.83,59.0
2025-08-19 13:00:00+00:00,local-grid-01,0.217,0.0,2.12,37.0
2025-08-19 14:00:00+00:00,local-grid-01,0.153,0.0,1.82,48.0
2025-08-19 15:00:00+00:00,local-grid-01,0.98,0.157,1.7,89.0
2025-08-19 16:00:00+00:00,local-grid-01,0.79,0.065,2.48,50.0
2025-08-19 17:00:00+00:00,local-grid-01,0.317,0.0,1.72,44.0
2025-08-19 18:00:00+00:00,local-grid-01,0.171,0.0,3.75,49.0
2025-08-19 19:00:00+00:00,local-grid-01,0.181,0.0,2.81,42.0
2025-08-19 20:00:00+00:00,local-grid-01,0.004,0.0,2.85,29.0
2025-08-19 21:00:00+00:00,local-grid-01,0.999,3.561,3.08,75.0
2025-08-19 22:00:00+00:00,local-grid-01,0.707,1.011,2.5,36.0
2025-08-19 23:00:00+00:00,local-grid-01,0.201,0.0,2.05,40.0
2025-08-20 00:00:00+00:00,local-grid-01,0.39,0.0,2.45,32.0
2025-08-20 01:00:00+00:00,local-grid-01,0.123,0.0,1.68,34.0
2025-08-20 02:00:00+00:00,local-grid-01,0.009,0.0,0.81,43.0
2025-08-20 03:00:00+00:00,local-grid-01,0.053,0.0,1.7,39.0
2025-08-20 04:00:00+00:00,local-grid-01,0.275,0.0,-0.73,35.0
2025-08-20 05:00:00+00:00,local-grid-01,0.231,0.0,-0.28,43.0
2025-08-20 06:00:00+00:00,local-grid-01,0.166,0.0,0.68,51.0
2025-08-20 07:00:00+00:00,local-grid-01,0.992,0.036,-0.13,77.0
2025-08-20 08:00:00+00:00,local-grid-01,0.388,0.0,0.73,54.0
2025-08-20 09:00:00+00:00,local-grid-01,0.676,0.104,0.73,68.0
2025-08-20 10:00:00+00:00,local-grid-01,0.228,0.0,0.77,43.0
2025-08-20 11:00:00+00:00,local-grid-01,0.863,0.004,1.34,70.0
2025-08-20 12:00:00+00:00,local-grid-01,0.035,0.0,0.6,54.0
2025-08-20 13:00:00+00:00,local-grid-01,0.715,0.126,1.03,81.0
2025-08-20 14:00:00+00:00,local-grid-01,0.066,0.0,1.52,35.0
2025-08-20 15:00:00+00:00,local-grid-01,0.225,0.0,2.49,38.0
2025-08-20 16:00:00+00:00,local-grid-01,0.294,0.0,1.91,49.0
2025-08-20 17:00:00+00:00,local-grid-01,0.29,0.0,3.1,64.0
2025-08-20 18:00:00+00:00,local-grid-01,0.631,1.035,2.85,65.0
2025-08-20 19:00:00+00:00,local-grid-01,0.684,20.362,3.55,75.0
2025-08-20 20:00:00+00:00,local-grid-01,0.881,5.503,3.54,66.0
2025-08-20 21:00:00+00:00,local-grid-01,0.096,0.0,2.86,40.0
2025-08-20 22:00:00+00:00,local-grid-01,0.336,0.0,3.79,63.0
2025-08-20 23:00:00+00:00,local-grid-01,0.224,0.0,3.12,52.0
2025-08-21 00:00:00+00:00,local-grid-01,0.032,0.0,1.17,45.0
2025-08-21 01:00:00+00:00,local-grid-01,0.17,0.0,0.64,37.0
2025-08-21 02:00:00+00:00,local-grid-01,0.326,0.0,0.89,41.0
2025-08-21 03:00:00+00:00,local-grid-01,0.897,7.669,1.1,85.0
2025-08-21 04:00:00+00:00,local-grid-01,0.244,0.0,1.43,35.0
2025-08-21 05:00:00+00:00,local-grid-01,0.106,0.0,0.24,51.0
2025-08-21 06:00:00+00:00,local-grid-01,0.364,0.0,0.0,59.0
2025-08-21 07:00:00+00:00,local-grid-01,0.022,0.0,0.22,51.0
2025-08-21 08:00:00+00:00,local-grid-01,0.722,0.089,0.89,62.0
2025-08-21 09:00:00+00:00,local-grid-01,0.82,0.222,0.27,62.0
2025-08-21 10:00:00+00:00,local-grid-01,0.138,0.0,0.05,44.0
2025-08-21 11:00:00+00:00,local-grid-01,0.323,0.0,-0.23,49.0
2025-08-21 12:00:00+00:00,local-grid-01,0.253,0.0,-0.01,33.0
2025-08-21 13:00:00+00:00,local-grid-01,0.111,0.0,0.22,44.0
2025-08-21 14:00:00+00:00,local-grid-01,0.793,0.073,1.8,87.0
2025-08-21 15:00:00+00:00,local-grid-01,0.088,0.0,2.08,52.0
2025-08-21 16:00:00+00:00,local-grid-01,0.141,0.0,2.61,36.0
2025-08-21 17:00:00+00:00,local-grid-01,0.908,0.074,3.09,63.0
2025-08-21 18:00:00+00:00,local-grid-01,0.758,0.013,2.9,62.0
2025-08-21 19:00:00+00:00,local-grid-01,0.237,0.0,2.38,33.0
2025-08-21 20:00:00+00:00,local-grid-01,0.237,0.0,2.6,34.0
2025-08-21 21:00:00+00:00,local-grid-01,0.328,0.0,3.02,49.0
2025-08-21 22:00:00+00:00,local-grid-01,0.124,0.0,2.56,28.0
2025-08-21 23:00:00+00:00,local-grid-01,0.077,0.0,1.46,17.0
2025-08-22 00:00:00+00:00,local-grid-01,0.386,0.0,1.82,40.0
2025-08-22 01:00:00+00:00,local-grid-01,0.172,0.0,2.73,53.0
2025-08-22 02:00:00+00:00,local-grid-01,0.619,0.048,1.63,68.0
2025-08-22 03:00:00+00:00,local-grid-01,0.327,0.0,1.18,36.0
2025-08-22 04:00:00+00:00,local-grid-01,0.013,0.0,0.26,36.0
2025-08-22 05:00:00+00:00,local-grid-01,0.248,0.0,-0.42,43.0
2025-08-22 06:00:00+00:00,local-grid-01,0.16,0.0,0.24,35.0
2025-08-22 07:00:00+00:00,local-grid-01,0.928,0.087,0.27,73.0
2025-08-22 08:00:00+00:00,local-grid-01,0.376,0.0,-0.86,62.0
2025-08-22 09:00:00+00:00,local-grid-01,0.034,0.0,0.56,23.0
2025-08-22 10:00:00+00:00,local-grid-01,0.071,0.0,-0.09,36.0
2025-08-22 11:00:00+00:00,local-grid-01,0.284,0.0,0.65,40.0
2025-08-22 12:00:00+00:00,local-grid-01,0.259,0.0,0.78,30.0
2025-08-22 13:00:00+00:00,local-grid-01,0.017,0.0,1.06,41.0
2025-08-22 14:00:00+00:00,local-grid-01,0.128,0.0,3.09,49.0
2025-08-22 15:00:00+00:00,local-grid-01,0.158,0.0,2.22,39.0
2025-08-22 16:00:00+00:00,local-grid-01,0.68,0.131,2.27,73.0
2025-08-22 17:00:00+00:00,local-grid-01,0.235,0.0,2.94,37.0
2025-08-22 18:00:00+00:00,local-grid-01,0.15,0.0,2.56,45.0
2025-08-22 19:00:00+00:00,local-grid-01,0.057,0.0,3.44,33.0
2025-08-22 20:00:00+00:00,local-grid-01,0.963,0.107,3.16,71.0
2025-08-22 21:00:00+00:00,local-grid-01,0.123,0.0,2.86,35.0
2025-08-22 22:00:00+00:00,local-grid-01,0.013,0.0,2.63,31.0
2025-08-22 23:00:00+00:00,local-grid-01,0.325,0.0,2.47,51.0
2025-08-23 00:00:00+00:00,local-grid-01,0.929,0.091,2.26,53.0
2025-08-23 01:00:00+00:00,local-grid-01,0.995,0.002,2.61,76.0
2025-08-23 02:00:00+00:00,local-grid-01,0.063,0.0,1.76,45.0
2025-08-23 03:00:00+00:00,local-grid-01,0.339,0.0,-0.15,46.0
2025-08-23 04:00:00+00:00,local-grid-01,0.178,0.0,1.74,26.0
2025-08-23 05:00:00+00:00,local-grid-01,0.123,0.0,0.77,46.0
2025-08-23 06:00:00+00:00,local-grid-01,0.11,0.0,1.71,41.0
2025-08-23 07:00:00+00:00,local-grid-01,0.022,0.0,0.02,23.0
2025-08-23 08:00:00+00:00,local-grid-01,0.7,0.135,0.69,52.0
2025-08-23 09:00:00+00:00,local-grid-01,0.855,0.06,0.51,80.0
2025-08-23 10:00:00+00:00,local-grid-01,0.612,0.134,0.32,57.0
2025-08-23 11:00:00+00:00,local-grid-01,0.112,0.0,1.24,6.0
2025-08-23 12:00:00+00:00,local-grid-01,0.016,0.0,0.64,19.0
2025-08-23 13:00:00+00:00,local-grid-01,0.191,0.0,1.19,36.0
2025-08-23 14:00:00+00:00,local-grid-01,0.362,0.0,0.85,66.0
2025-08-23 15:00:00+00:00,local-grid-01,0.262,0.0,1.76,50.0
2025-08-23 16:00:00+00:00,local-grid-01,0.047,0.0,1.72,17.0
2025-08-23 17:00:00+00:00,local-grid-01,0.307,0.0,2.59,38.0
2025-08-23 18:00:00+00:00,local-grid-01,0.226,0.0,3.17,56.0
2025-08-23 19:00:00+00:00,local-grid-01,0.195,0.0,3.19,28.0
2025-08-23 20:00:00+00:00,local-grid-01,0.976,0.242,3.13,86.0
2025-08-23 21:00:00+00:00,local-grid-01,0.617,0.102,3.39,52.0
2025-08-23 22:00:00+00:00,local-grid-01,0.028,0.0,4.27,28.0
2025-08-23 23:00:00+00:00,local-grid-01,0.306,0.0,2.3,27.0
2025-08-24 00:00:00+00:00,local-grid-01,0.336,0.0,3.71,44.0
2025-08-24 01:00:00+00:00,local-grid-01,0.242,0.0,1.05,39.0
2025-08-24 02:00:00+00:00,local-grid-01,0.12,0.0,0.1,32.0
2025-08-24 03:00:00+00:00,local-grid-01,0.169,0.0,1.84,58.0
2025-08-24 04:00:00+00:00,local-grid-01,0.281,0.0,0.8,52.0
2025-08-24 05:00:00+00:00,local-grid-01,0.332,0.0,-0.49,38.0
2025-08-24 06:00:00+00:00,local-grid-01,0.98,0.03,0.23,69.0
2025-08-24 07:00:00+00:00,local-grid-01,0.363,0.0,-0.19,56.0
2025-08-24 08:00:00+00:00,local-grid-01,0.303,0.0,0.24,34.0
2025-08-24 09:00:00+00:00,local-grid-01,0.329,0.0,-0.1,42.0
2025-08-24 10:00:00+00:00,local-grid-01,0.232,0.0,0.98,52.0
2025-08-24 11:00:00+00:00,local-grid-01,0.398,0.0,0.54,46.0
2025-08-24 12:00:00+00:00,local-grid-01,0.051,0.0,0.92,26.0
2025-08-24 13:00:00+00:00,local-grid-01,0.128,0.0,1.0,29.0
2025-08-24 14:00:00+00:00,local-grid-01,0.304,0.0,1.92,36.0
2025-08-24 15:00:00+00:00,local-grid-01,0.106,0.0,1.82,46.0
2025-08-24 16:00:00+00:00,local-grid-01,0.044,0.0,2.86,34.0
2025-08-24 17:00:00+00:00,local-grid-01,0.274,0.0,1.73,41.0
2025-08-24 18:00:00+00:00,local-grid-01,0.034,0.0,2.87,30.0
2025-08-24 19:00:00+00:00,local-grid-01,0.205,0.0,2.6,47.0
2025-08-24 20:00:00+00:00,local-grid-01,0.054,0.0,2.41,28.0
2025-08-24 21:00:00+00:00,local-grid-01,0.246,0.0,2.16,42.0
2025-08-24 22:00:00+00:00,local-grid-01,0.019,0.0,2.28,22.0
2025-08-24 23:00:00+00:00,local-grid-01,0.052,0.0,2.78,48.0
2025-08-25 00:00:00+00:00,local-grid-01,0.302,0.0,2.52,49.0
2025-08-25 01:00:00+00:00,local-grid-01,0.676,0.035,2.37,51.0
2025-08-25 02:00:00+00:00,local-grid-01,0.233,0.0,1.23,36.0
2025-08-25 03:00:00+00:00,local-grid-01,0.209,0.0,1.73,34.0
2025-08-25 04:00:00+00:00,local-grid-01,0.194,0.0,0.71,38.0
2025-08-25 05:00:00+00:00,local-grid-01,0.205,0.0,0.84,59.0
2025-08-25 06:00:00+00:00,local-grid-01,0.036,0.0,0.27,27.0
2025-08-25 07:00:00+00:00,local-grid-01,0.266,0.0,-0.39,41.0
2025-08-25 08:00:00+00:00,local-grid-01,0.107,0.0,-0.84,28.0
2025-08-25 09:00:00+00:00,local-grid-01,0.315,0.0,-0.67,47.0
2025-08-25 10:00:00+00:00,local-grid-01,0.179,0.0,-0.38,32.0
2025-08-25 11:00:00+00:00,local-grid-01,0.217,0.0,0.14,33.0
2025-08-25 12:00:00+00:00,local-grid-01,0.352,0.0,1.14,42.0
2025-08-25 13:00:00+00:00,local-grid-01,0.101,0.0,1.71,36.0
2025-08-25 14:00:00+00:00,local-grid-01,0.617,0.136,2.14,59.0
2025-08-25 15:00:00+00:00,local-grid-01,0.381,0.0,0.01,48.0
2025-08-25 16:00:00+00:00,local-grid-01,0.107,0.0,1.97,44.0
2025-08-25 17:00:00+00:00,local-grid-01,0.265,0.0,2.4,30.0
2025-08-25 18:00:00+00:00,local-grid-01,0.359,0.0,2.55,49.0
2025-08-25 19:00:00+00:00,local-grid-01,0.392,0.0,1.92,61.0
2025-08-25 20:00:00+00:00,local-grid-01,0.14,0.0,3.62,48.0
2025-08-25 21:00:00+00:00,local-grid-01,0.32,0.0,4.04,47.0
2025-08-25 22:00:00+00:00,local-grid-01,0.821,0.024,2.59,77.0
2025-08-25 23:00:00+00:00,local-grid-01,0.248,0.0,3.89,55.0
2025-08-26 00:00:00+00:00,local-grid-01,0.204,0.0,0.86,32.0
2025-08-26 01:00:00+00:00,local-grid-01,0.976,9.922,1.23,75.0
2025-08-26 02:00:00+00:00,local-grid-01,0.979,1.107,1.34,73.0
2025-08-26 03:00:00+00:00,local-grid-01,0.88,0.064,1.5,72.0
2025-08-26 04:00:00+00:00,local-grid-01,0.25,0.0,0.8,34.0
2025-08-26 05:00:00+00:00,local-grid-01,0.015,0.0,-0.22,26.0
2025-08-26 06:00:00+00:00,local-grid-01,0.051,0.0,0.64,38.0
2025-08-26 07:00:00+00:00,local-grid-01,0.17,0.0,0.4,34.0
2025-08-26 08:00:00+00:00,local-grid-01,0.004,0.0,-0.32,31.0
2025-08-26 09:00:00+00:00,local-grid-01,0.651,2.12,-0.17,55.0
2025-08-26 10:00:00+00:00,local-grid-01,0.706,8.957,-0.48,73.0
2025-08-26 11:00:00+00:00,local-grid-01,0.71,0.086,0.76,50.0
2025-08-26 12:00:00+00:00,local-grid-01,0.166,0.0,0.04,36.0
2025-08-26 13:00:00+00:00,local-grid-01,0.058,0.0,0.33,42.0
2025-08-26 14:00:00+00:00,local-grid-01,0.307,0.0,2.47,42.0
2025-08-26 15:00:00+00:00,local-grid-01,0.339,0.0,1.94,38.0
2025-08-26 16:00:00+00:00,local-grid-01,0.355,0.0,1.82,59.0
2025-08-26 17:00:00+00:00,local-grid-01,0.113,0.0,1.41,28.0
2025-08-26 18:00:00+00:00,local-grid-01,0.015,0.0,2.87,28.0
2025-08-26 19:00:00+00:00,local-grid-01,0.115,0.0,2.96,32.0
2025-08-26 20:00:00+00:00,local-grid-01,0.811,0.145,3.67,66.0
2025-08-26 21:00:00+00:00,local-grid-01,0.332,0.0,1.54,58.0
2025-08-26 22:00:00+00:00,local-grid-01,0.952,0.006,2.35,62.0
2025-08-26 23:00:00+00:00,local-grid-01,0.348,0.0,2.89,41.0
2025-08-27 00:00:00+00:00,local-grid-01,0.043,0.0,2.15,31.0
2025-08-27 01:00:00+00:00,local-grid-01,0.1,0.0,2.32,40.0
2025-08-27 02:00:00+00:00,local-grid-01,0.314,0.0,1.66,34.0
2025-08-27 03:00:00+00:00,local-grid-01,0.864,0.016,1.24,79.0
2025-08-27 04:00:00+00:00,local-grid-01,0.159,0.0,1.12,42.0
2025-08-27 05:00:00+00:00,local-grid-01,0.4,0.0,-0.3,37.0
2025-08-27 06:00:00+00:00,local-grid-01,0.137,0.0,0.4,31.0
2025-08-27 07:00:00+00:00,local-grid-01,0.332,0.0,0.28,44.0
2025-08-27 08:00:00+00:00,local-grid-01,0.213,0.0,1.26,52.0
2025-08-27 09:00:00+00:00,local-grid-01,0.185,0.0,-1.2,52.0
2025-08-27 10:00:00+00:00,local-grid-01,0.059,0.0,-0.04,41.0
2025-08-27 11:00:00+00:00,local-grid-01,0.382,0.0,0.76,44.0
2025-08-27 12:00:00+00:00,local-grid-01,0.22,0.0,1.28,43.0
2025-08-27 13:00:00+00:00,local-grid-01,0.24,0.0,0.98,45.0
2025-08-27 14:00:00+00:00,local-grid-01,0.31,0.0,1.3,34.0
2025-08-27 15:00:00+00:00,local-grid-01,0.111,0.0,1.75,34.0
2025-08-27 16:00:00+00:00,local-grid-01,0.035,0.0,3.1,47.0
2025-08-27 17:00:00+00:00,local-grid-01,0.649,0.034,2.53,51.0
2025-08-27 18:00:00+00:00,local-grid-01,0.264,0.0,2.37,46.0
2025-08-27 19:00:00+00:00,local-grid-01,0.277,0.0,2.58,44.0
2025-08-27 20:00:00+00:00,local-grid-01,0.133,0.0,2.55,28.0
2025-08-27 21:00:00+00:00,local-grid-01,0.027,0.0,3.45,39.0
2025-08-27 22:00:00+00:00,local-grid-01,0.669,0.104,3.45,58.0
2025-08-27 23:00:00+00:00,local-grid-01,0.982,0.082,1.54,91.0
2025-08-28 00:00:00+00:00,local-grid-01,0.953,0.067,1.95,100.0
2025-08-28 01:00:00+00:00,local-grid-01,0.2,0.0,2.23,41.0
2025-08-28 02:00:00+00:00,local-grid-01,0.054,0.0,1.65,51.0
2025-08-28 03:00:00+00:00,local-grid-01,0.326,0.0,0.93,48.0
2025-08-28 04:00:00+00:00,local-grid-01,0.203,0.0,1.25,19.0
2025-08-28 05:00:00+00:00,local-grid-01,0.177,0.0,1.28,36.0
2025-08-28 06:00:00+00:00,local-grid-01,0.246,0.0,-0.23,42.0
2025-08-28 07:00:00+00:00,local-grid-01,0.269,0.0,-0.9,61.0
2025-08-28 08:00:00+00:00,local-grid-01,0.109,0.0,-0.06,37.0
2025-08-28 09:00:00+00:00,local-grid-01,0.24,0.0,-0.6,20.0
2025-08-28 10:00:00+00:00,local-grid-01,0.663,0.084,0.63,67.0
2025-08-28 11:00:00+00:00,local-grid-01,0.399,0.0,-0.18,51.0
2025-08-28 12:00:00+00:00,local-grid-01,0.212,0.0,1.93,39.0
2025-08-28 13:00:00+00:00,local-grid-01,0.221,0.0,0.42,41.0
2025-08-28 14:00:00+00:00,local-grid-01,0.393,0.0,1.43,61.0
2025-08-28 15:00:00+00:00,local-grid-01,0.215,0.0,2.01,42.0
2025-08-28 16:00:00+00:00,local-grid-01,0.813,0.066,1.86,73.0
2025-08-28 17:00:00+00:00,local-grid-01,0.865,0.082,2.45,68.0
2025-08-28 18:00:00+00:00,local-grid-01,0.834,0.057,2.92,59.0
2025-08-28 19:00:00+00:00,local-grid-01,0.232,0.0,4.11,44.0
2025-08-28 20:00:00+00:00,local-grid-01,0.005,0.0,3.21,25.0
2025-08-28 21:00:00+00:00,local-grid-01,0.879,0.033,2.99,75.0
2025-08-28 22:00:00+00:00,local-grid-01,0.793,0.033,3.55,49.0
2025-08-28 23:00:00+00:00,local-grid-01,0.027,0.0,2.97,32.0
2025-08-29 00:00:00+00:00,local-grid-01,0.065,0.0,3.0,33.0
2025-08-29 01:00:00+00:00,local-grid-01,0.022,0.0,1.39,32.0
2025-08-29 02:00:00+00:00,local-grid-01,0.127,0.0,0.64,39.0
2025-08-29 03:00:00+00:00,local-grid-01,0.098,0.0,2.15,40.0
2025-08-29 04:00:00+00:00,local-grid-01,0.386,0.0,1.05,55.0
2025-08-29 05:00:00+00:00,local-grid-01,0.316,0.0,0.11,44.0
2025-08-29 06:00:00+00:00,local-grid-01,0.113,0.0,-0.45,45.0
2025-08-29 07:00:00+00:00,local-grid-01,0.329,0.0,-0.2,46.0
2025-08-29 08:00:00+00:00,local-grid-01,0.274,0.0,1.13,30.0
2025-08-29 09:00:00+00:00,local-grid-01,0.174,0.0,-0.69,46.0
2025-08-29 10:00:00+00:00,local-grid-01,0.36,0.0,1.31,46.0
2025-08-29 11:00:00+00:00,local-grid-01,0.614,0.072,0.09,57.0
2025-08-29 12:00:00+00:00,local-grid-01,0.231,0.0,0.75,56.0
2025-08-29 13:00:00+00:00,local-grid-01,0.271,0.0,1.12,41.0
2025-08-29 14:00:00+00:00,local-grid-01,0.328,0.0,1.59,49.0
2025-08-29 15:00:00+00:00,local-grid-01,0.245,0.0,0.98,53.0
2025-08-29 16:00:00+00:00,local-grid-01,0.212,0.0,3.75,35.0
2025-08-29 17:00:00+00:00,local-grid-01,0.798,0.051,3.0,77.0
2025-08-29 18:00:00+00:00,local-grid-01,0.174,0.0,3.3,40.0
2025-08-29 19:00:00+00:00,local-grid-01,0.242,0.0,3.01,55.0
2025-08-29 20:00:00+00:00,local-grid-01,0.086,0.0,3.16,29.0
2025-08-29 21:00:00+00:00,local-grid-01,0.83,0.102,3.23,65.0
2025-08-29 22:00:00+00:00,local-grid-01,0.173,0.0,3.01,42.0
2025-08-29 23:00:00+00:00,local-grid-01,0.283,0.0,2.03,34.0
2025-08-30 00:00:00+00:00,local-grid-01,0.879,0.257,1.86,86.0
2025-08-30 01:00:00+00:00,local-grid-01,0.354,0.0,2.48,45.0
2025-08-30 02:00:00+00:00,local-grid-01,0.101,0.0,2.35,52.0
2025-08-30 03:00:00+00:00,local-grid-01,0.123,0.0,0.64,26.0
2025-08-30 04:00:00+00:00,local-grid-01,0.852,0.044,0.61,83.0
2025-08-30 05:00:00+00:00,local-grid-01,0.062,0.0,0.28,31.0
2025-08-30 06:00:00+00:00,local-grid-01,0.87,0.124,0.74,67.0
2025-08-30 07:00:00+00:00,local-grid-01,0.209,0.0,-0.02,45.0
2025-08-30 08:00:00+00:00,local-grid-01,0.635,0.105,-0.19,63.0
2025-08-30 09:00:00+00:00,local-grid-01,0.253,0.0,-0.42,48.0
2025-08-30 10:00:00+00:00,local-grid-01,0.805,0.125,0.77,63.0
2025-08-30 11:00:00+00:00,local-grid-01,0.109,0.0,0.41,20.0
2025-08-30 12:00:00+00:00,local-grid-01,0.149,0.0,0.56,44.0
2025-08-30 13:00:00+00:00,local-grid-01,0.164,0.0,1.07,31.0
2025-08-30 14:00:00+00:00,local-grid-01,0.379,0.0,2.47,49.0
2025-08-30 15:00:00+00:00,local-grid-01,0.368,0.0,2.06,55.0
2025-08-30 16:00:00+00:00,local-grid-01,0.05,0.0,3.16,34.0
2025-08-30 17:00:00+00:00,local-grid-01,0.189,0.0,2.0,37.0
2025-08-30 18:00:00+00:00,local-grid-01,0.086,0.0,2.89,29.0
2025-08-30 19:00:00+00:00,local-grid-01,0.109,0.0,2.89,46.0
2025-08-30 20:00:00+00:00,local-grid-01,0.843,0.023,4.61,80.0
2025-08-30 21:00:00+00:00,local-grid-01,0.01,0.0,2.97,42.0
2025-08-30 22:00:00+00:00,local-grid-01,0.938,0.259,2.29,66.0
2025-08-30 23:00:00+00:00,local-grid-01,0.811,6.352,2.78,64.0
2025-08-31 00:00:00+00:00,local-grid-01,0.912,1.601,2.59,72.0
2025-08-31 01:00:00+00:00,local-grid-01,0.662,0.021,2.83,67.0
2025-08-31 02:00:00+00:00,local-grid-01,0.288,0.0,1.28,61.0
2025-08-31 03:00:00+00:00,local-grid-01,0.992,0.065,1.93,80.0
2025-08-31 04:00:00+00:00,local-grid-01,0.226,0.0,0.87,37.0
2025-08-31 05:00:00+00:00,local-grid-01,0.31,0.0,0.77,48.0
2025-08-31 06:00:00+00:00,local-grid-01,0.3,0.0,0.63,31.0
2025-08-31 07:00:00+00:00,local-grid-01,0.224,0.0,0.03,20.0
2025-08-31 08:00:00+00:00,local-grid-01,0.295,0.0,-0.84,33.0
2025-08-31 09:00:00+00:00,local-grid-01,0.189,0.0,0.2,35.0
2025-08-31 10:00:00+00:00,local-grid-01,0.281,0.0,-0.07,48.0
2025-08-31 11:00:00+00:00,local-grid-01,0.043,0.0,-0.23,43.0
2025-08-31 12:00:00+00:00,local-grid-01,0.217,0.0,0.88,54.0
2025-08-31 13:00:00+00:00,local-grid-01,0.227,0.0,0.57,50.0
2025-08-31 14:00:00+00:00,local-grid-01,0.183,0.0,1.62,26.0
2025-08-31 15:00:00+00:00,local-grid-01,0.051,0.0,1.94,30.0
2025-08-31 16:00:00+00:00,local-grid-01,0.171,0.0,2.16,53.0
2025-08-31 17:00:00+00:00,local-grid-01,0.395,0.0,2.01,36.0
2025-08-31 18:00:00+00:00,local-grid-01,0.127,0.0,1.98,36.0
2025-08-31 19:00:00+00:00,local-grid-01,0.398,0.0,3.08,50.0
2025-08-31 20:00:00+00:00,local-grid-01,0.306,0.0,3.77,53.0
2025-08-31 21:00:00+00:00,local-grid-01,0.733,0.119,3.44,39.0
2025-08-31 22:00:00+00:00,local-grid-01,0.254,0.0,2.05,49.0
2025-08-31 23:00:00+00:00,local-grid-01,0.079,0.0,2.34,22.0
2025-09-01 00:00:00+00:00,local-grid-01,0.045,0.0,2.11,41.0
2025-09-01 01:00:00+00:00,local-grid-01,0.318,0.0,1.15,33.0
2025-09-01 02:00:00+00:00,local-grid-01,0.306,0.0,1.16,46.0
2025-09-01 03:00:00+00:00,local-grid-01,0.188,0.0,0.55,20.0
2025-09-01 04:00:00+00:00,local-grid-01,0.283,0.0,1.71,34.0
2025-09-01 05:00:00+00:00,local-grid-01,0.793,0.101,0.57,74.0
2025-09-01 06:00:00+00:00,local-grid-01,0.257,0.0,1.1,36.0
2025-09-01 07:00:00+00:00,local-grid-01,0.036,0.0,0.23,38.0
2025-09-01 08:00:00+00:00,local-grid-01,0.242,0.0,0.87,45.0
2025-09-01 09:00:00+00:00,local-grid-01,0.381,0.0,-0.77,47.0
2025-09-01 10:00:00+00:00,local-grid-01,0.021,0.0,0.98,9.0
2025-09-01 11:00:00+00:00,local-grid-01,0.357,0.0,0.39,49.0
2025-09-01 12:00:00+00:00,local-grid-01,0.145,0.0,0.69,44.0
2025-09-01 13:00:00+00:00,local-grid-01,0.141,0.0,1.73,42.0
2025-09-01 14:00:00+00:00,local-grid-01,0.278,0.0,1.47,35.0
2025-09-01 15:00:00+00:00,local-grid-01,0.359,0.0,2.2,50.0
2025-09-01 16:00:00+00:00,local-grid-01,0.063,0.0,1.72,31.0
2025-09-01 17:00:00+00:00,local-grid-01,0.173,0.0,3.72,40.0
2025-09-01 18:00:00+00:00,local-grid-01,0.045,0.0,2.33,44.0
2025-09-01 19:00:00+00:00,local-grid-01,0.097,0.0,2.31,38.0
2025-09-01 20:00:00+00:00,local-grid-01,0.222,0.0,2.48,36.0
2025-09-01 21:00:00+00:00,local-grid-01,0.389,0.0,2.21,55.0
2025-09-01 22:00:00+00:00,local-grid-01,0.136,0.0,1.71,38.0
2025-09-01 23:00:00+00:00,local-grid-01,0.612,0.012,2.62,70.0
2025-09-02 00:00:00+00:00,local-grid-01,0.3,0.0,1.53,34.0
2025-09-02 01:00:00+00:00,local-grid-01,0.005,0.0,1.48,18.0
2025-09-02 02:00:00+00:00,local-grid-01,0.116,0.0,0.23,33.0
2025-09-02 03:00:00+00:00,local-grid-01,0.232,0.0,2.06,24.0
2025-09-02 04:00:00+00:00,local-grid-01,0.018,0.0,1.06,27.0
2025-09-02 05:00:00+00:00,local-grid-01,0.276,0.0,-0.81,46.0
2025-09-02 06:00:00+00:00,local-grid-01,0.129,0.0,0.1,47.0
2025-09-02 07:00:00+00:00,local-grid-01,0.077,0.0,-0.06,30.0
2025-09-02 08:00:00+00:00,local-grid-01,0.028,0.0,-0.09,40.0
2025-09-02 09:00:00+00:00,local-grid-01,0.322,0.0,0.27,48.0
2025-09-02 10:00:00+00:00,local-grid-01,0.664,0.054,-0.71,62.0
2025-09-02 11:00:00+00:00,local-grid-01,0.966,0.13,-0.15,68.0
2025-09-02 12:00:00+00:00,local-grid-01,0.031,0.0,0.44,26.0
2025-09-02 13:00:00+00:00,local-grid-01,0.126,0.0,1.42,31.0
2025-09-02 14:00:00+00:00,local-grid-01,0.369,0.0,1.29,45.0
2025-09-02 15:00:00+00:00,local-grid-01,0.782,0.087,2.01,64.0
2025-09-02 16:00:00+00:00,local-grid-01,0.603,0.027,1.5,68.0
2025-09-02 17:00:00+00:00,local-grid-01,0.042,0.0,2.12,31.0
2025-09-02 18:00:00+00:00,local-grid-01,0.162,0.0,3.22,54.0
2025-09-02 19:00:00+00:00,local-grid-01,0.378,0.0,3.27,40.0
2025-09-02 20:00:00+00:00,local-grid-01,0.017,0.0,3.18,39.0
2025-09-02 21:00:00+00:00,local-grid-01,0.363,0.0,3.42,37.0
2025-09-02 22:00:00+00:00,local-grid-01,0.171,0.0,3.15,36.0
2025-09-02 23:00:00+00:00,local-grid-01,0.824,0.016,2.25,69.0
2025-09-03 00:00:00+00:00,local-grid-01,0.167,0.0,2.58,36.0
2025-09-03 01:00:00+00:00,local-grid-01,0.174,0.0,1.96,49.0
2025-09-03 02:00:00+00:00,local-grid-01,0.253,0.0,1.34,43.0
2025-09-03 03:00:00+00:00,local-grid-01,0.238,0.0,0.88,58.0
2025-09-03 04:00:00+00:00,local-grid-01,0.271,0.0,1.38,56.0
2025-09-03 05:00:00+00:00,local-grid-01,0.085,0.0,0.89,33.0
2025-09-03 06:00:00+00:00,local-grid-01,0.945,0.063,-0.08,87.0
2025-09-03 07:00:00+00:00,local-grid-01,0.917,0.063,-0.35,64.0
2025-09-03 08:00:00+00:00,local-grid-01,0.629,0.109,-0.32,61.0
2025-09-03 09:00:00+00:00,local-grid-01,0.153,0.0,0.5,36.0
2025-09-03 10:00:00+00:00,local-grid-01,0.71,0.001,-0.39,70.0
2025-09-03 11:00:00+00:00,local-grid-01,0.05,0.0,0.38,38.0
2025-09-03 12:00:00+00:00,local-grid-01,0.277,0.0,1.14,35.0
2025-09-03 13:00:00+00:00,local-grid-01,0.384,0.0,1.37,53.0
2025-09-03 14:00:00+00:00,local-grid-01,0.046,0.0,1.78,44.0
2025-09-03 15:00:00+00:00,local-grid-01,0.672,0.064,0.99,70.0
2025-09-03 16:00:00+00:00,local-grid-01,0.218,0.0,2.49,44.0
2025-09-03 17:00:00+00:00,local-grid-01,0.348,0.0,2.11,56.0
2025-09-03 18:00:00+00:00,local-grid-01,0.366,0.0,2.53,26.0
2025-09-03 19:00:00+00:00,local-grid-01,0.775,0.03,2.01,51.0
2025-09-03 20:00:00+00:00,local-grid-01,0.105,0.0,3.59,51.0
2025-09-03 21:00:00+00:00,local-grid-01,0.189,0.0,3.28,45.0
2025-09-03 22:00:00+00:00,local-grid-01,0.311,0.0,2.4,48.0
2025-09-03 23:00:00+00:00,local-grid-01,0.021,0.0,2.8,32.0
2025-09-04 00:00:00+00:00,local-grid-01,0.921,0.03,2.72,75.0
2025-09-04 01:00:00+00:00,local-grid-01,0.016,0.0,2.64,35.0
2025-09-04 02:00:00+00:00,local-grid-01,0.171,0.0,1.83,41.0
2025-09-04 03:00:00+00:00,local-grid-01,0.393,0.0,0.83,46.0
2025-09-04 04:00:00+00:00,local-grid-01,0.355,0.0,0.11,50.0
2025-09-04 05:00:00+00:00,local-grid-01,0.045,0.0,1.74,34.0
2025-09-04 06:00:00+00:00,local-grid-01,0.308,0.0,-0.0,39.0
2025-09-04 07:00:00+00:00,local-grid-01,0.62,0.002,0.04,71.0
2025-09-04 08:00:00+00:00,local-grid-01,0.368,0.0,0.25,42.0
2025-09-04 09:00:00+00:00,local-grid-01,0.166,0.0,0.59,31.0
2025-09-04 10:00:00+00:00,local-grid-01,0.352,0.0,0.11,43.0
2025-09-04 11:00:00+00:00,local-grid-01,0.065,0.0,1.03,19.0
2025-09-04 12:00:00+00:00,local-grid-01,0.304,0.0,2.3,44.0
2025-09-04 13:00:00+00:00,local-grid-01,0.027,0.0,0.97,27.0
2025-09-04 14:00:00+00:00,local-grid-01,0.864,0.094,1.87,79.0
2025-09-04 15:00:00+00:00,local-grid-01,0.92,0.012,1.36,75.0
2025-09-04 16:00:00+00:00,local-grid-01,0.181,0.0,2.05,23.0
2025-09-04 17:00:00+00:00,local-grid-01,0.351,0.0,2.12,43.0
2025-09-04 18:00:00+00:00,local-grid-01,0.373,0.0,2.2,35.0
2025-09-04 19:00:00+00:00,local-grid-01,0.158,0.0,2.36,47.0
2025-09-04 20:00:00+00:00,local-grid-01,0.344,0.0,3.85,57.0
2025-09-04 21:00:00+00:00,local-grid-01,0.161,0.0,4.0,42.0
2025-09-04 22:00:00+00:00,local-grid-01,0.895,0.067,3.6,81.0
2025-09-04 23:00:00+00:00,local-grid-01,0.36,0.0,2.52,49.0
2025-09-05 00:00:00+00:00,local-grid-01,0.264,0.0,2.78,46.0
2025-09-05 01:00:00+00:00,local-grid-01,0.092,0.0,1.09,29.0
2025-09-05 02:00:00+00:00,local-grid-01,0.034,0.0,-0.1,28.0
2025-09-05 03:00:00+00:00,local-grid-01,0.682,0.051,0.94,71.0
2025-09-05 04:00:00+00:00,local-grid-01,0.704,1.906,0.89,57.0
2025-09-05 05:00:00+00:00,local-grid-01,0.283,0.0,0.3,45.0
2025-09-05 06:00:00+00:00,local-grid-01,0.34,0.0,0.35,41.0
2025-09-05 07:00:00+00:00,local-grid-01,0.635,0.131,0.12,55.0
2025-09-05 08:00:00+00:00,local-grid-01,0.394,0.0,-0.26,60.0
2025-09-05 09:00:00+00:00,local-grid-01,0.033,0.0,-0.19,37.0
2025-09-05 10:00:00+00:00,local-grid-01,0.232,0.0,0.45,44.0
2025-09-05 11:00:00+00:00,local-grid-01,0.832,12.275,1.54,62.0
2025-09-05 12:00:00+00:00,local-grid-01,0.33,0.0,0.54,47.0
2025-09-05 13:00:00+00:00,local-grid-01,0.603,0.098,1.92,57.0
2025-09-05 14:00:00+00:00,local-grid-01,0.176,0.0,1.12,27.0
2025-09-05 15:00:00+00:00,local-grid-01,0.019,0.0,1.48,36.0
2025-09-05 16:00:00+00:00,local-grid-01,0.186,0.0,2.8,44.0
2025-09-05 17:00:00+00:00,local-grid-01,0.19,0.0,3.54,21.0
2025-09-05 18:00:00+00:00,local-grid-01,0.011,0.0,2.23,29.0
2025-09-05 19:00:00+00:00,local-grid-01,0.148,0.0,1.82,53.0
2025-09-05 20:00:00+00:00,local-grid-01,0.191,0.0,2.79,42.0
2025-09-05 21:00:00+00:00,local-grid-01,0.896,0.037,3.74,90.0
2025-09-05 22:00:00+00:00,local-grid-01,0.232,0.0,3.04,45.0
2025-09-05 23:00:00+00:00,local-grid-01,0.261,0.0,1.57,48.0
2025-09-06 00:00:00+00:00,local-grid-01,0.299,0.0,1.9,43.0
2025-09-06 01:00:00+00:00,local-grid-01,0.377,0.0,2.06,41.0
2025-09-06 02:00:00+00:00,local-grid-01,0.161,0.0,2.19,29.0
2025-09-06 03:00:00+00:00,local-grid-01,0.793,0.073,0.96,80.0
2025-09-06 04:00:00+00:00,local-grid-01,0.399,0.0,1.16,48.0
2025-09-06 05:00:00+00:00,local-grid-01,0.138,0.0,0.9,32.0
2025-09-06 06:00:00+00:00,local-grid-01,0.28,0.0,0.29,61.0
2025-09-06 07:00:00+00:00,local-grid-01,0.359,0.0,-0.07,67.0
2025-09-06 08:00:00+00:00,local-grid-01,0.078,0.0,0.43,36.0
2025-09-06 09:00:00+00:00,local-grid-01,0.08,0.0,-0.18,18.0
2025-09-06 10:00:00+00:00,local-grid-01,0.217,0.0,-0.14,40.0
2025-09-06 11:00:00+00:00,local-grid-01,0.314,0.0,-0.43,36.0
2025-09-06 12:00:00+00:00,local-grid-01,0.227,0.0,-0.7,30.0
2025-09-06 13:00:00+00:00,local-grid-01,0.01,0.0,0.3,43.0
2025-09-06 14:00:00+00:00,local-grid-01,0.198,0.0,1.48,29.0
2025-09-06 15:00:00+00:00,local-grid-01,0.735,0.094,2.66,60.0
2025-09-06 16:00:00+00:00,local-grid-01,0.135,0.0,2.5,35.0
2025-09-06 17:00:00+00:00,local-grid-01,0.026,0.0,3.33,21.0
2025-09-06 18:00:00+00:00,local-grid-01,0.976,0.086,2.68,73.0
2025-09-06 19:00:00+00:00,local-grid-01,0.317,0.0,3.15,36.0
2025-09-06 20:00:00+00:00,local-grid-01,0.016,0.0,2.7,19.0
2025-09-06 21:00:00+00:00,local-grid-01,0.163,0.0,1.67,37.0
2025-09-06 22:00:00+00:00,local-grid-01,0.644,4.246,2.06,62.0
2025-09-06 23:00:00+00:00,local-grid-01,0.797,12.456,2.2,57.0
2025-09-07 00:00:00+00:00,local-grid-01,0.686,0.225,2.42,52.0
2025-09-07 01:00:00+00:00,local-grid-01,0.021,0.0,1.01,19.0
2025-09-07 02:00:00+00:00,local-grid-01,0.933,0.104,1.71,65.0
2025-09-07 03:00:00+00:00,local-grid-01,0.715,18.978,1.35,64.0
2025-09-07 04:00:00+00:00,local-grid-01,0.327,0.0,-0.14,49.0
2025-09-07 05:00:00+00:00,local-grid-01,0.126,0.0,0.85,32.0
2025-09-07 06:00:00+00:00,local-grid-01,0.339,0.0,0.08,59.0
2025-09-07 07:00:00+00:00,local-grid-01,0.049,0.0,-0.81,45.0
2025-09-07 08:00:00+00:00,local-grid-01,0.173,0.0,-0.01,22.0
2025-09-07 09:00:00+00:00,local-grid-01,0.364,0.0,-0.66,49.0
2025-09-07 10:00:00+00:00,local-grid-01,0.124,0.0,0.88,19.0
2025-09-07 11:00:00+00:00,local-grid-01,0.057,0.0,-0.66,34.0
2025-09-07 12:00:00+00:00,local-grid-01,0.829,0.034,1.32,81.0
2025-09-07 13:00:00+00:00,local-grid-01,0.158,0.0,2.08,41.0
2025-09-07 14:00:00+00:00,local-grid-01,0.042,0.0,2.34,24.0
2025-09-07 15:00:00+00:00,local-grid-01,0.018,0.0,2.61,42.0
2025-09-07 16:00:00+00:00,local-grid-01,0.94,0.058,1.98,70.0
2025-09-07 17:00:00+00:00,local-grid-01,0.322,0.0,2.53,48.0
2025-09-07 18:00:00+00:00,local-grid-01,0.653,0.101,2.89,54.0
2025-09-07 19:00:00+00:00,local-grid-01,0.387,0.0,2.19,52.0
2025-09-07 20:00:00+00:00,local-grid-01,0.647,0.031,3.46,59.0
2025-09-07 21:00:00+00:00,local-grid-01,0.068,0.0,3.33,16.0
2025-09-07 22:00:00+00:00,local-grid-01,0.919,11.065,3.0,72.0
2025-09-07 23:00:00+00:00,local-grid-01,0.789,0.132,1.6,76.0
2025-09-08 00:00:00+00:00,local-grid-01,0.145,0.0,2.7,49.0
2025-09-08 01:00:00+00:00,local-grid-01,0.027,0.0,2.13,27.0
2025-09-08 02:00:00+00:00,local-grid-01,0.903,0.02,1.0,85.0
2025-09-08 03:00:00+00:00,local-grid-01,0.104,0.0,1.13,30.0
2025-09-08 04:00:00+00:00,local-grid-01,0.361,0.0,1.69,69.0
2025-09-08 05:00:00+00:00,local-grid-01,0.018,0.0,0.82,24.0
2025-09-08 06:00:00+00:00,local-grid-01,0.689,0.037,0.98,65.0
2025-09-08 07:00:00+00:00,local-grid-01,0.238,0.0,1.08,30.0
2025-09-08 08:00:00+00:00,local-grid-01,0.211,0.0,-0.19,38.0
2025-09-08 09:00:00+00:00,local-grid-01,0.272,0.0,-0.15,50.0
2025-09-08 10:00:00+00:00,local-grid-01,0.21,0.0,0.22,69.0
2025-09-08 11:00:00+00:00,local-grid-01,0.187,0.0,-0.84,33.0
2025-09-08 12:00:00+00:00,local-grid-01,0.147,0.0,1.32,16.0
2025-09-08 13:00:00+00:00,local-grid-01,0.074,0.0,1.35,45.0
2025-09-08 14:00:00+00:00,local-grid-01,0.303,0.0,1.04,46.0
2025-09-08 15:00:00+00:00,local-grid-01,0.263,0.0,1.74,57.0
2025-09-08 16:00:00+00:00,local-grid-01,0.142,0.0,1.43,26.0
2025-09-08 17:00:00+00:00,local-grid-01,0.023,0.0,3.21,51.0
2025-09-08 18:00:00+00:00,local-grid-01,0.24,0.0,2.8,36.0
2025-09-08 19:00:00+00:00,local-grid-01,0.258,0.0,3.28,41.0
2025-09-08 20:00:00+00:00,local-grid-01,0.394,0.0,3.03,51.0
2025-09-08 21:00:00+00:00,local-grid-01,0.026,0.0,3.96,20.0
2025-09-08 22:00:00+00:00,local-grid-01,0.621,0.141,2.17,58.0
2025-09-08 23:00:00+00:00,local-grid-01,0.892,0.097,1.98,58.0
2025-09-09 00:00:00+00:00,local-grid-01,0.999,0.05,1.48,86.0
2025-09-09 01:00:00+00:00,local-grid-01,0.344,0.0,2.39,43.0
2025-09-09 02:00:00+00:00,local-grid-01,0.319,0.0,0.3,19.0
2025-09-09 03:00:00+00:00,local-grid-01,0.962,0.154,0.02,74.0
2025-09-09 04:00:00+00:00,local-grid-01,0.168,0.0,0.36,41.0
2025-09-09 05:00:00+00:00,local-grid-01,0.052,0.0,1.01,36.0
2025-09-09 06:00:00+00:00,local-grid-01,0.692,0.093,0.68,82.0
2025-09-09 07:00:00+00:00,local-grid-01,0.227,0.0,-0.62,43.0
2025-09-09 08:00:00+00:00,local-grid-01,0.022,0.0,-1.15,29.0
2025-09-09 09:00:00+00:00,local-grid-01,0.245,0.0,1.08,41.0
2025-09-09 10:00:00+00:00,local-grid-01,0.88,0.097,-0.12,90.0
2025-09-09 11:00:00+00:00,local-grid-01,0.125,0.0,0.95,27.0
2025-09-09 12:00:00+00:00,local-grid-01,0.863,0.003,1.27,69.0
2025-09-09 13:00:00+00:00,local-grid-01,0.951,0.113,0.47,85.0
2025-09-09 14:00:00+00:00,local-grid-01,0.201,0.0,1.24,42.0
2025-09-09 15:00:00+00:00,local-grid-01,0.79,0.053,2.38,59.0
2025-09-09 16:00:00+00:00,local-grid-01,0.33,0.0,2.13,49.0
2025-09-09 17:00:00+00:00,local-grid-01,0.158,0.0,1.69,56.0
2025-09-09 18:00:00+00:00,local-grid-01,0.918,0.087,2.74,75.0
2025-09-09 19:00:00+00:00,local-grid-01,0.339,0.0,2.67,43.0
2025-09-09 20:00:00+00:00,local-grid-01,0.083,0.0,3.58,34.0
2025-09-09 21:00:00+00:00,local-grid-01,0.301,0.0,3.39,43.0
2025-09-09 22:00:00+00:00,local-grid-01,0.08,0.0,2.18,56.0
2025-09-09 23:00:00+00:00,local-grid-01,0.301,0.0,2.64,54.0
2025-09-10 00:00:00+00:00,local-grid-01,0.136,0.0,1.17,16.0
2025-09-10 01:00:00+00:00,local-grid-01,0.79,0.014,1.32,83.0
2025-09-10 02:00:00+00:00,local-grid-01,0.663,0.094,2.47,58.0
2025-09-10 03:00:00+00:00,local-grid-01,0.267,0.0,1.16,46.0
2025-09-10 04:00:00+00:00,local-grid-01,0.374,0.0,1.59,58.0
2025-09-10 05:00:00+00:00,local-grid-01,0.222,0.0,0.63,56.0
2025-09-10 06:00:00+00:00,local-grid-01,0.854,0.083,0.58,77.0
2025-09-10 07:00:00+00:00,local-grid-01,0.258,0.0,0.1,43.0
2025-09-10 08:00:00+00:00,local-grid-01,0.184,0.0,-1.21,35.0
2025-09-10 09:00:00+00:00,local-grid-01,0.288,0.0,0.31,45.0
2025-09-10 10:00:00+00:00,local-grid-01,0.321,0.0,0.96,64.0
2025-09-10 11:00:00+00:00,local-grid-01,0.726,0.045,0.93,52.0
2025-09-10 12:00:00+00:00,local-grid-01,0.376,0.0,-0.45,47.0
2025-09-10 13:00:00+00:00,local-grid-01,0.215,0.0,1.63,48.0
2025-09-10 14:00:00+00:00,local-grid-01,0.281,0.0,1.42,66.0
2025-09-10 15:00:00+00:00,local-grid-01,0.922,0.007,1.63,95.0
2025-09-10 16:00:00+00:00,local-grid-01,0.011,0.0,2.04,34.0
2025-09-10 17:00:00+00:00,local-grid-01,0.369,0.0,2.58,57.0
2025-09-10 18:00:00+00:00,local-grid-01,0.329,0.0,2.31,57.0
2025-09-10 19:00:00+00:00,local-grid-01,0.036,0.0,2.95,29.0
2025-09-10 20:00:00+00:00,local-grid-01,0.027,0.0,3.39,40.0
2025-09-10 21:00:00+00:00,local-grid-01,0.034,0.0,3.17,27.0
2025-09-10 22:00:00+00:00,local-grid-01,0.358,0.0,3.13,35.0
2025-09-10 23:00:00+00:00,local-grid-01,0.248,0.0,3.45,50.0
2025-09-11 00:00:00+00:00,local-grid-01,0.022,0.0,2.26,32.0
2025-09-11 01:00:00+00:00,local-grid-01,0.373,0.0,2.24,58.0
2025-09-11 02:00:00+00:00,local-grid-01,0.269,0.0,1.21,47.0
2025-09-11 03:00:00+00:00,local-grid-01,0.129,0.0,1.34,29.0
2025-09-11 04:00:00+00:00,local-grid-01,0.277,0.0,0.97,58.0
2025-09-11 05:00:00+00:00,local-grid-01,0.378,0.0,-0.12,57.0
2025-09-11 06:00:00+00:00,local-grid-01,0.038,0.0,-0.09,40.0
2025-09-11 07:00:00+00:00,local-grid-01,0.938,0.175,-0.56,67.0
2025-09-11 08:00:00+00:00,local-grid-01,0.227,0.0,0.09,35.0
2025-09-11 09:00:00+00:00,local-grid-01,0.139,0.0,0.01,33.0
2025-09-11 10:00:00+00:00,local-grid-01,0.252,0.0,0.84,43.0
2025-09-11 11:00:00+00:00,local-grid-01,0.289,0.0,0.88,66.0
2025-09-11 12:00:00+00:00,local-grid-01,0.355,0.0,0.91,35.0
2025-09-11 13:00:00+00:00,local-grid-01,0.787,0.171,1.57,71.0
2025-09-11 14:00:00+00:00,local-grid-01,0.91,0.163,1.83,66.0
2025-09-11 15:00:00+00:00,local-grid-01,0.271,0.0,2.47,35.0
2025-09-11 16:00:00+00:00,local-grid-01,0.629,0.164,2.87,59.0
2025-09-11 17:00:00+00:00,local-grid-01,0.276,0.0,3.75,49.0
2025-09-11 18:00:00+00:00,local-grid-01,0.251,0.0,3.34,19.0
2025-09-11 19:00:00+00:00,local-grid-01,0.741,0.064,2.32,53.0
2025-09-11 20:00:00+00:00,local-grid-01,0.008,0.0,3.83,25.0
2025-09-11 21:00:00+00:00,local-grid-01,0.128,0.0,2.62,34.0
2025-09-11 22:00:00+00:00,local-grid-01,0.319,0.0,3.96,37.0
2025-09-11 23:00:00+00:00,local-grid-01,0.32,0.0,2.41,43.0
2025-09-12 00:00:00+00:00,local-grid-01,0.776,0.062,3.26,65.0
2025-09-12 01:00:00+00:00,local-grid-01,0.356,0.0,1.3,54.0
2025-09-12 02:00:00+00:00,local-grid-01,0.318,0.0,2.47,49.0
2025-09-12 03:00:00+00:00,local-grid-01,0.247,0.0,2.22,42.0
2025-09-12 04:00:00+00:00,local-grid-01,0.333,0.0,1.97,59.0
2025-09-12 05:00:00+00:00,local-grid-01,0.255,0.0,1.37,51.0
2025-09-12 06:00:00+00:00,local-grid-01,0.224,0.0,0.46,39.0
2025-09-12 07:00:00+00:00,local-grid-01,0.161,0.0,0.17,25.0
2025-09-12 08:00:00+00:00,local-grid-01,0.112,0.0,0.24,34.0
2025-09-12 09:00:00+00:00,local-grid-01,0.65,0.106,-0.5,48.0
2025-09-12 10:00:00+00:00,local-grid-01,0.834,0.029,0.18,78.0
2025-09-12 11:00:00+00:00,local-grid-01,0.17,0.0,1.12,58.0
2025-09-12 12:00:00+00:00,local-grid-01,0.74,0.077,1.88,71.0
2025-09-12 13:00:00+00:00,local-grid-01,0.104,0.0,1.0,44.0
2025-09-12 14:00:00+00:00,local-grid-01,0.271,0.0,1.41,34.0
2025-09-12 15:00:00+00:00,local-grid-01,0.374,0.0,2.95,51.0
2025-09-12 16:00:00+00:00,local-grid-01,0.117,0.0,2.24,34.0
2025-09-12 17:00:00+00:00,local-grid-01,0.08,0.0,2.16,25.0
2025-09-12 18:00:00+00:00,local-grid-01,0.182,0.0,3.59,38.0
2025-09-12 19:00:00+00:00,local-grid-01,0.162,0.0,3.04,27.0
2025-09-12 20:00:00+00:00,local-grid-01,0.3,0.0,3.32,54.0
2025-09-12 21:00:00+00:00,local-grid-01,0.02,0.0,2.9,26.0
2025-09-12 22:00:00+00:00,local-grid-01,0.213,0.0,3.18,32.0
2025-09-12 23:00:00+00:00,local-grid-01,0.971,0.147,1.94,81.0
2025-09-13 00:00:00+00:00,local-grid-01,0.393,0.0,2.14,57.0
2025-09-13 01:00:00+00:00,local-grid-01,0.151,0.0,1.98,48.0
2025-09-13 02:00:00+00:00,local-grid-01,0.0,0.0,1.23,23.0
2025-09-13 03:00:00+00:00,local-grid-01,0.292,0.0,1.6,45.0
2025-09-13 04:00:00+00:00,local-grid-01,0.098,0.0,1.85,46.0
2025-09-13 05:00:00+00:00,local-grid-01,0.253,0.0,0.9,32.0
2025-09-13 06:00:00+00:00,local-grid-01,0.189,0.0,0.18,40.0
2025-09-13 07:00:00+00:00,local-grid-01,0.247,0.0,-0.18,43.0
2025-09-13 08:00:00+00:00,local-grid-01,0.14,0.0,-1.09,27.0
2025-09-13 09:00:00+00:00,local-grid-01,0.031,0.0,-0.42,43.0
2025-09-13 10:00:00+00:00,local-grid-01,0.382,0.0,0.01,46.0
2025-09-13 11:00:00+00:00,local-grid-01,0.949,0.091,0.92,91.0
2025-09-13 12:00:00+00:00,local-grid-01,0.893,0.043,0.34,64.0
2025-09-13 13:00:00+00:00,local-grid-01,0.686,0.066,1.48,40.0
2025-09-13 14:00:00+00:00,local-grid-01,0.963,0.135,2.28,73.0
2025-09-13 15:00:00+00:00,local-grid-01,0.071,0.0,1.56,38.0
2025-09-13 16:00:00+00:00,local-grid-01,0.149,0.0,2.45,32.0
2025-09-13 17:00:00+00:00,local-grid-01,0.37,0.0,3.33,50.0
2025-09-13 18:00:00+00:00,local-grid-01,0.141,0.0,2.83,37.0
2025-09-13 19:00:00+00:00,local-grid-01,0.014,0.0,2.96,22.0
2025-09-13 20:00:00+00:00,local-grid-01,0.863,0.103,2.77,100.0
2025-09-13 21:00:00+00:00,local-grid-01,0.31,0.0,2.6,44.0
2025-09-13 22:00:00+00:00,local-grid-01,0.176,0.0,2.07,32.0
2025-09-13 23:00:00+00:00,local-grid-01,0.302,0.0,2.2,72.0
2025-09-14 00:00:00+00:00,local-grid-01,0.268,0.0,2.17,34.0
2025-09-14 01:00:00+00:00,local-grid-01,0.118,0.0,2.11,37.0
2025-09-14 02:00:00+00:00,local-grid-01,0.083,0.0,2.22,29.0
2025-09-14 03:00:00+00:00,local-grid-01,0.808,0.021,0.36,58.0
2025-09-14 04:00:00+00:00,local-grid-01,0.121,0.0,0.06,46.0
2025-09-14 05:00:00+00:00,local-grid-01,0.238,0.0,1.26,42.0
2025-09-14 06:00:00+00:00,local-grid-01,0.395,0.0,-0.01,37.0
2025-09-14 07:00:00+00:00,local-grid-01,0.671,0.078,0.43,84.0
2025-09-14 08:00:00+00:00,local-grid-01,0.229,0.0,0.61,42.0
2025-09-14 09:00:00+00:00,local-grid-01,0.072,0.0,0.37,47.0
2025-09-14 10:00:00+00:00,local-grid-01,0.602,0.059,0.22,74.0
2025-09-14 11:00:00+00:00,local-grid-01,0.393,0.0,0.91,35.0
2025-09-14 12:00:00+00:00,local-grid-01,0.907,0.059,0.86,83.0
2025-09-14 13:00:00+00:00,local-grid-01,0.679,0.135,0.86,75.0
2025-09-14 14:00:00+00:00,local-grid-01,0.089,0.0,1.51,36.0
2025-09-14 15:00:00+00:00,local-grid-01,0.019,0.0,1.75,42.0
2025-09-14 16:00:00+00:00,local-grid-01,0.231,0.0,2.4,37.0
2025-09-14 17:00:00+00:00,local-grid-01,0.377,0.0,2.01,65.0
2025-09-14 18:00:00+00:00,local-grid-01,0.114,0.0,3.46,31.0
2025-09-14 19:00:00+00:00,local-grid-01,0.175,0.0,2.93,55.0
2025-09-14 20:00:00+00:00,local-grid-01,0.689,0.095,2.44,70.0
2025-09-14 21:00:00+00:00,local-grid-01,0.372,0.0,2.58,53.0
2025-09-14 22:00:00+00:00,local-grid-01,0.989,0.003,2.31,67.0
2025-09-14 23:00:00+00:00,local-grid-01,0.184,0.0,1.96,55.0
2025-09-15 00:00:00+00:00,local-grid-01,0.071,0.0,3.21,25.0
2025-09-15 01:00:00+00:00,local-grid-01,0.91,0.14,2.64,94.0
2025-09-15 02:00:00+00:00,local-grid-01,0.881,0.032,0.87,78.0
2025-09-15 03:00:00+00:00,local-grid-01,0.051,0.0,0.57,38.0
2025-09-15 04:00:00+00:00,local-grid-01,0.364,0.0,0.2,44.0
2025-09-15 05:00:00+00:00,local-grid-01,0.378,0.0,0.74,46.0
2025-09-15 06:00:00+00:00,local-grid-01,0.632,0.192,0.32,45.0
2025-09-15 07:00:00+00:00,local-grid-01,0.629,0.076,0.29,71.0
2025-09-15 08:00:00+00:00,local-grid-01,0.351,0.0,-0.57,52.0
2025-09-15 09:00:00+00:00,local-grid-01,0.096,0.0,-0.64,52.0
2025-09-15 10:00:00+00:00,local-grid-01,0.187,0.0,-0.12,37.0
2025-09-15 11:00:00+00:00,local-grid-01,0.188,0.0,0.9,61.0
2025-09-15 12:00:00+00:00,local-grid-01,0.684,0.15,2.14,55.0
2025-09-15 13:00:00+00:00,local-grid-01,0.212,0.0,0.37,44.0
2025-09-15 14:00:00+00:00,local-grid-01,0.078,0.0,2.25,42.0
2025-09-15 15:00:00+00:00,local-grid-01,0.983,0.074,2.28,85.0
2025-09-15 16:00:00+00:00,local-grid-01,0.611,0.085,1.72,58.0
2025-09-15 17:00:00+00:00,local-grid-01,0.266,0.0,2.85,31.0
2025-09-15 18:00:00+00:00,local-grid-01,0.371,0.0,2.91,50.0
2025-09-15 19:00:00+00:00,local-grid-01,0.813,0.093,3.1,66.0
2025-09-15 20:00:00+00:00,local-grid-01,0.364,0.0,3.45,68.0
2025-09-15 21:00:00+00:00,local-grid-01,0.334,0.0,4.04,53.0
2025-09-15 22:00:00+00:00,local-grid-01,0.07,0.0,3.22,36.0
2025-09-15 23:00:00+00:00,local-grid-01,0.05,0.0,2.65,48.0
2025-09-16 00:00:00+00:00,local-grid-01,0.174,0.0,1.92,47.0
2025-09-16 01:00:00+00:00,local-grid-01,0.768,0.029,1.85,50.0
2025-09-16 02:00:00+00:00,local-grid-01,0.386,0.0,1.67,60.0
2025-09-16 03:00:00+00:00,local-grid-01,0.204,0.0,0.94,46.0
2025-09-16 04:00:00+00:00,local-grid-01,0.903,0.012,1.24,80.0
2025-09-16 05:00:00+00:00,local-grid-01,0.014,0.0,1.5,31.0
2025-09-16 06:00:00+00:00,local-grid-01,0.291,0.0,-0.69,40.0
2025-09-16 07:00:00+00:00,local-grid-01,0.338,0.0,-0.29,37.0
2025-09-16 08:00:00+00:00,local-grid-01,0.153,0.0,1.04,47.0
2025-09-16 09:00:00+00:00,local-grid-01,0.191,0.0,0.12,35.0
2025-09-16 10:00:00+00:00,local-grid-01,0.812,0.1,0.92,65.0
2025-09-16 11:00:00+00:00,local-grid-01,0.083,0.0,-0.16,66.0
2025-09-16 12:00:00+00:00,local-grid-01,0.154,0.0,1.02,34.0
2025-09-16 13:00:00+00:00,local-grid-01,0.189,0.0,0.96,34.0
2025-09-16 14:00:00+00:00,local-grid-01,0.074,0.0,1.48,41.0
2025-09-16 15:00:00+00:00,local-grid-01,0.995,0.133,1.7,77.0
2025-09-16 16:00:00+00:00,local-grid-01,0.134,0.0,3.23,52.0
2025-09-16 17:00:00+00:00,local-grid-01,0.79,0.075,2.27,75.0
2025-09-16 18:00:00+00:00,local-grid-01,0.071,0.0,3.48,36.0
2025-09-16 19:00:00+00:00,local-grid-01,0.98,0.001,2.99,87.0
2025-09-16 20:00:00+00:00,local-grid-01,0.297,0.0,4.07,49.0
2025-09-16 21:00:00+00:00,local-grid-01,0.03,0.0,3.33,24.0
2025-09-16 22:00:00+00:00,local-grid-01,0.207,0.0,2.02,44.0
2025-09-16 23:00:00+00:00,local-grid-01,0.163,0.0,2.64,27.0
2025-09-17 00:00:00+00:00,local-grid-01,0.319,0.0,2.15,34.0
2025-09-17 01:00:00+00:00,local-grid-01,0.055,0.0,2.27,27.0
2025-09-17 02:00:00+00:00,local-grid-01,0.108,0.0,1.61,33.0
2025-09-17 03:00:00+00:00,local-grid-01,0.901,0.066,0.21,76.0
2025-09-17 04:00:00+00:00,local-grid-01,0.641,0.065,0.55,35.0
2025-09-17 05:00:00+00:00,local-grid-01,0.325,0.0,0.17,42.0
2025-09-17 06:00:00+00:00,local-grid-01,0.339,0.0,0.2,32.0
2025-09-17 07:00:00+00:00,local-grid-01,0.127,0.0,0.25,42.0
2025-09-17 08:00:00+00:00,local-grid-01,0.321,0.0,0.44,42.0
2025-09-17 09:00:00+00:00,local-grid-01,0.083,0.0,0.4,32.0
2025-09-17 10:00:00+00:00,local-grid-01,0.221,0.0,-1.24,31.0
2025-09-17 11:00:00+00:00,local-grid-01,0.063,0.0,0.76,39.0
2025-09-17 12:00:00+00:00,local-grid-01,0.151,0.0,1.57,23.0
2025-09-17 13:00:00+00:00,local-grid-01,0.069,0.0,1.22,30.0
2025-09-17 14:00:00+00:00,local-grid-01,0.296,0.0,1.14,40.0
2025-09-17 15:00:00+00:00,local-grid-01,0.222,0.0,1.37,58.0
2025-09-17 16:00:00+00:00,local-grid-01,0.017,0.0,2.79,12.0
2025-09-17 17:00:00+00:00,local-grid-01,0.953,0.027,2.77,93.0
2025-09-17 18:00:00+00:00,local-grid-01,0.276,0.0,2.46,41.0
2025-09-17 19:00:00+00:00,local-grid-01,0.007,0.0,3.05,28.0
2025-09-17 20:00:00+00:00,local-grid-01,0.329,0.0,2.76,59.0
2025-09-17 21:00:00+00:00,local-grid-01,0.722,0.045,2.69,75.0
2025-09-17 22:00:00+00:00,local-grid-01,0.027,0.0,2.82,33.0
2025-09-17 23:00:00+00:00,local-grid-01,0.053,0.0,2.68,38.0
2025-09-18 00:00:00+00:00,local-grid-01,0.381,0.0,1.81,31.0
2025-09-18 01:00:00+00:00,local-grid-01,0.854,0.133,1.68,62.0
2025-09-18 02:00:00+00:00,local-grid-01,0.394,0.0,2.53,55.0
2025-09-18 03:00:00+00:00,local-grid-01,0.382,0.0,0.56,39.0
2025-09-18 04:00:00+00:00,local-grid-01,0.093,0.0,0.88,35.0
2025-09-18 05:00:00+00:00,local-grid-01,0.101,0.0,0.8,31.0
2025-09-18 06:00:00+00:00,local-grid-01,0.29,0.0,-0.15,31.0
2025-09-18 07:00:00+00:00,local-grid-01,0.176,0.0,-0.27,50.0
2025-09-18 08:00:00+00:00,local-grid-01,0.651,0.136,-0.42,70.0
2025-09-18 09:00:00+00:00,local-grid-01,0.736,0.077,-0.55,66.0
2025-09-18 10:00:00+00:00,local-grid-01,0.004,0.0,1.06,47.0
2025-09-18 11:00:00+00:00,local-grid-01,0.124,0.0,0.18,21.0
2025-09-18 12:00:00+00:00,local-grid-01,0.139,0.0,0.75,28.0
2025-09-18 13:00:00+00:00,local-grid-01,0.048,0.0,0.57,25.0
2025-09-18 14:00:00+00:00,local-grid-01,0.841,0.088,1.73,69.0
2025-09-18 15:00:00+00:00,local-grid-01,0.105,0.0,1.54,34.0
2025-09-18 16:00:00+00:00,local-grid-01,0.355,0.0,2.69,57.0
2025-09-18 17:00:00+00:00,local-grid-01,0.996,0.05,2.02,100.0
2025-09-18 18:00:00+00:00,local-grid-01,0.085,0.0,3.77,41.0
2025-09-18 19:00:00+00:00,local-grid-01,0.391,0.0,2.6,50.0
2025-09-18 20:00:00+00:00,local-grid-01,0.101,0.0,3.19,50.0
2025-09-18 21:00:00+00:00,local-grid-01,0.069,0.0,3.16,36.0
2025-09-18 22:00:00+00:00,local-grid-01,0.792,0.097,3.32,70.0
2025-09-18 23:00:00+00:00,local-grid-01,0.108,0.0,1.69,39.0
2025-09-19 00:00:00+00:00,local-grid-01,0.778,0.024,1.69,73.0
2025-09-19 01:00:00+00:00,local-grid-01,0.078,0.0,1.67,43.0
2025-09-19 02:00:00+00:00,local-grid-01,0.28,0.0,2.17,23.0
2025-09-19 03:00:00+00:00,local-grid-01,0.973,0.004,0.99,84.0
2025-09-19 04:00:00+00:00,local-grid-01,0.36,0.0,1.76,50.0
2025-09-19 05:00:00+00:00,local-grid-01,0.299,0.0,1.66,43.0
2025-09-19 06:00:00+00:00,local-grid-01,0.877,0.096,0.18,84.0
2025-09-19 07:00:00+00:00,local-grid-01,0.359,0.0,1.33,56.0
2025-09-19 08:00:00+00:00,local-grid-01,0.682,2.091,-0.21,59.0
2025-09-19 09:00:00+00:00,local-grid-01,0.86,0.055,0.2,74.0
2025-09-19 10:00:00+00:00,local-grid-01,0.088,0.0,0.42,41.0
2025-09-19 11:00:00+00:00,local-grid-01,0.295,0.0,1.27,43.0
2025-09-19 12:00:00+00:00,local-grid-01,0.355,0.0,1.4,39.0
2025-09-19 13:00:00+00:00,local-grid-01,0.151,0.0,1.08,39.0
2025-09-19 14:00:00+00:00,local-grid-01,0.144,0.0,1.15,52.0
2025-09-19 15:00:00+00:00,local-grid-01,0.326,0.0,2.12,44.0
2025-09-19 16:00:00+00:00,local-grid-01,0.234,0.0,2.63,47.0
2025-09-19 17:00:00+00:00,local-grid-01,0.33,0.0,3.31,71.0
2025-09-19 18:00:00+00:00,local-grid-01,0.151,0.0,3.78,16.0
2025-09-19 19:00:00+00:00,local-grid-01,0.69,0.109,2.79,73.0
2025-09-19 20:00:00+00:00,local-grid-01,0.783,0.113,2.68,61.0
2025-09-19 21:00:00+00:00,local-grid-01,0.281,0.0,3.24,38.0
2025-09-19 22:00:00+00:00,local-grid-01,0.86,0.185,2.03,70.0
2025-09-19 23:00:00+00:00,local-grid-01,0.087,0.0,3.5,27.0
2025-09-20 00:00:00+00:00,local-grid-01,0.292,0.0,1.76,51.0
2025-09-20 01:00:00+00:00,local-grid-01,0.028,0.0,1.96,19.0
2025-09-20 02:00:00+00:00,local-grid-01,0.342,0.0,0.69,55.0
2025-09-20 03:00:00+00:00,local-grid-01,0.096,0.0,0.69,46.0
2025-09-20 04:00:00+00:00,local-grid-01,0.023,0.0,1.13,15.0
2025-09-20 05:00:00+00:00,local-grid-01,0.374,0.0,-0.14,34.0
2025-09-20 06:00:00+00:00,local-grid-01,0.923,0.014,-0.03,71.0
2025-09-20 07:00:00+00:00,local-grid-01,0.772,0.212,1.07,79.0
2025-09-20 08:00:00+00:00,local-grid-01,0.287,0.0,0.29,37.0
2025-09-20 09:00:00+00:00,local-grid-01,0.888,0.069,-0.17,76.0
2025-09-20 10:00:00+00:00,local-grid-01,0.249,0.0,-0.62,28.0
2025-09-20 11:00:00+00:00,local-grid-01,0.145,0.0,1.19,29.0
2025-09-20 12:00:00+00:00,local-grid-01,0.129,0.0,1.77,26.0
2025-09-20 13:00:00+00:00,local-grid-01,0.331,0.0,-0.22,39.0
2025-09-20 14:00:00+00:00,local-grid-01,0.136,0.0,0.66,36.0
2025-09-20 15:00:00+00:00,local-grid-01,0.398,0.0,2.4,52.0
2025-09-20 16:00:00+00:00,local-grid-01,0.342,0.0,1.85,50.0
2025-09-20 17:00:00+00:00,local-grid-01,0.124,0.0,3.14,24.0
2025-09-20 18:00:00+00:00,local-grid-01,0.169,0.0,2.47,52.0
2025-09-20 19:00:00+00:00,local-grid-01,0.075,0.0,3.76,31.0
2025-09-20 20:00:00+00:00,local-grid-01,0.223,0.0,2.18,53.0
2025-09-20 21:00:00+00:00,local-grid-01,0.103,0.0,2.79,43.0
2025-09-20 22:00:00+00:00,local-grid-01,0.287,0.0,2.63,51.0
2025-09-20 23:00:00+00:00,local-grid-01,0.863,0.085,2.98,87.0
2025-09-21 00:00:00+00:00,local-grid-01,0.097,0.0,2.26,27.0
2025-09-21 01:00:00+00:00,local-grid-01,0.137,0.0,1.73,42.0
2025-09-21 02:00:00+00:00,local-grid-01,0.39,0.0,1.28,24.0
2025-09-21 03:00:00+00:00,local-grid-01,0.279,0.0,-0.05,47.0
2025-09-21 04:00:00+00:00,local-grid-01,0.188,0.0,0.48,44.0
2025-09-21 05:00:00+00:00,local-grid-01,0.171,0.0,-0.04,31.0
2025-09-21 06:00:00+00:00,local-grid-01,0.307,0.0,0.49,47.0
2025-09-21 07:00:00+00:00,local-grid-01,0.939,0.048,-0.34,59.0
2025-09-21 08:00:00+00:00,local-grid-01,0.887,0.099,0.42,63.0
2025-09-21 09:00:00+00:00,local-grid-01,0.287,0.0,-0.24,44.0
2025-09-21 10:00:00+00:00,local-grid-01,0.031,0.0,0.1,19.0
2025-09-21 11:00:00+00:00,local-grid-01,0.345,0.0,0.43,67.0
2025-09-21 12:00:00+00:00,local-grid-01,0.866,0.028,0.36,79.0
2025-09-21 13:00:00+00:00,local-grid-01,0.175,0.0,1.17,38.0
2025-09-21 14:00:00+00:00,local-grid-01,0.773,0.048,0.59,71.0
2025-09-21 15:00:00+00:00,local-grid-01,0.82,0.113,2.16,75.0
2025-09-21 16:00:00+00:00,local-grid-01,0.047,0.0,2.34,21.0
2025-09-21 17:00:00+00:00,local-grid-01,0.02,0.0,2.86,36.0
2025-09-21 18:00:00+00:00,local-grid-01,0.038,0.0,3.5,36.0
2025-09-21 19:00:00+00:00,local-grid-01,0.091,0.0,4.12,29.0
2025-09-21 20:00:00+00:00,local-grid-01,0.168,0.0,2.82,43.0
2025-09-21 21:00:00+00:00,local-grid-01,0.197,0.0,2.5,37.0
2025-09-21 22:00:00+00:00,local-grid-01,0.992,0.02,2.55,85.0
2025-09-21 23:00:00+00:00,local-grid-01,0.164,0.0,3.45,50.0
2025-09-22 00:00:00+00:00,local-grid-01,0.384,0.0,1.66,49.0
2025-09-22 01:00:00+00:00,local-grid-01,0.161,0.0,3.42,57.0
2025-09-22 02:00:00+00:00,local-grid-01,0.344,0.0,1.58,43.0
2025-09-22 03:00:00+00:00,local-grid-01,0.385,0.0,1.32,39.0
2025-09-22 04:00:00+00:00,local-grid-01,0.849,0.059,1.68,75.0
2025-09-22 05:00:00+00:00,local-grid-01,0.053,0.0,0.23,22.0
2025-09-22 06:00:00+00:00,local-grid-01,0.218,0.0,0.44,45.0
2025-09-22 07:00:00+00:00,local-grid-01,0.794,0.061,0.79,58.0
2025-09-22 08:00:00+00:00,local-grid-01,0.953,0.123,-0.58,85.0
2025-09-22 09:00:00+00:00,local-grid-01,0.01,0.0,-0.93,28.0
2025-09-22 10:00:00+00:00,local-grid-01,0.986,0.11,0.33,97.0
2025-09-22 11:00:00+00:00,local-grid-01,0.32,0.0,-0.26,62.0
2025-09-22 12:00:00+00:00,local-grid-01,0.31,0.0,1.0,56.0
2025-09-22 13:00:00+00:00,local-grid-01,0.293,0.0,1.01,35.0
2025-09-22 14:00:00+00:00,local-grid-01,0.14,0.0,2.11,29.0
2025-09-22 15:00:00+00:00,local-grid-01,0.033,0.0,2.44,33.0
2025-09-22 16:00:00+00:00,local-grid-01,0.398,0.0,1.3,56.0
2025-09-22 17:00:00+00:00,local-grid-01,0.914,0.166,2.32,76.0
2025-09-22 18:00:00+00:00,local-grid-01,0.151,0.0,2.09,36.0
2025-09-22 19:00:00+00:00,local-grid-01,0.284,0.0,3.19,50.0
2025-09-22 20:00:00+00:00,local-grid-01,0.04,0.0,2.29,47.0
2025-09-22 21:00:00+00:00,local-grid-01,0.198,0.0,3.58,58.0
2025-09-22 22:00:00+00:00,local-grid-01,0.245,0.0,1.83,60.0
2025-09-22 23:00:00+00:00,local-grid-01,0.357,0.0,2.5,30.0
2025-09-23 00:00:00+00:00,local-grid-01,0.015,0.0,1.78,1.0
2025-09-23 01:00:00+00:00,local-grid-01,0.023,0.0,1.62,38.0
2025-09-23 02:00:00+00:00,local-grid-01,0.226,0.0,1.19,52.0
2025-09-23 03:00:00+00:00,local-grid-01,0.304,0.0,1.12,55.0
2025-09-23 04:00:00+00:00,local-grid-01,0.099,0.0,0.09,45.0
2025-09-23 05:00:00+00:00,local-grid-01,0.164,0.0,0.15,49.0
2025-09-23 06:00:00+00:00,local-grid-01,0.155,0.0,1.24,38.0
2025-09-23 07:00:00+00:00,local-grid-01,0.288,0.0,0.09,48.0
2025-09-23 08:00:00+00:00,local-grid-01,0.189,0.0,0.96,46.0
2025-09-23 09:00:00+00:00,local-grid-01,0.043,0.0,0.0,40.0
2025-09-23 10:00:00+00:00,local-grid-01,0.369,0.0,-0.11,46.0
2025-09-23 11:00:00+00:00,local-grid-01,0.313,0.0,-0.26,35.0
2025-09-23 12:00:00+00:00,local-grid-01,0.079,0.0,1.05,19.0
2025-09-23 13:00:00+00:00,local-grid-01,0.024,0.0,2.04,27.0
2025-09-23 14:00:00+00:00,local-grid-01,0.251,0.0,2.15,30.0
2025-09-23 15:00:00+00:00,local-grid-01,0.369,0.0,2.28,48.0
2025-09-23 16:00:00+00:00,local-grid-01,0.006,0.0,3.05,39.0
2025-09-23 17:00:00+00:00,local-grid-01,0.266,0.0,3.01,47.0
2025-09-23 18:00:00+00:00,local-grid-01,0.298,0.0,3.38,44.0
2025-09-23 19:00:00+00:00,local-grid-01,0.051,0.0,3.45,38.0
2025-09-23 20:00:00+00:00,local-grid-01,0.232,0.0,3.54,32.0
2025-09-23 21:00:00+00:00,local-grid-01,0.014,0.0,2.32,39.0
2025-09-23 22:00:00+00:00,local-grid-01,0.098,0.0,2.47,37.0
2025-09-23 23:00:00+00:00,local-grid-01,0.625,0.106,3.66,56.0
2025-09-24 00:00:00+00:00,local-grid-01,0.14,0.0,1.89,45.0
2025-09-24 01:00:00+00:00,local-grid-01,0.241,0.0,1.26,11.0
2025-09-24 02:00:00+00:00,local-grid-01,0.028,0.0,1.83,32.0
2025-09-24 03:00:00+00:00,local-grid-01,0.339,0.0,1.01,43.0
2025-09-24 04:00:00+00:00,local-grid-01,0.027,0.0,1.68,24.0
2025-09-24 05:00:00+00:00,local-grid-01,0.287,0.0,-0.39,39.0
2025-09-24 06:00:00+00:00,local-grid-01,0.234,0.0,-0.51,47.0
2025-09-24 07:00:00+00:00,local-grid-01,0.702,0.041,1.23,62.0
2025-09-24 08:00:00+00:00,local-grid-01,0.163,0.0,-0.54,51.0
2025-09-24 09:00:00+00:00,local-grid-01,0.23,0.0,-0.3,28.0
2025-09-24 10:00:00+00:00,local-grid-01,0.883,0.105,0.02,76.0
2025-09-24 11:00:00+00:00,local-grid-01,0.041,0.0,-0.91,22.0
2025-09-24 12:00:00+00:00,local-grid-01,0.63,0.099,1.06,76.0
2025-09-24 13:00:00+00:00,local-grid-01,0.121,0.0,0.3,42.0
2025-09-24 14:00:00+00:00,local-grid-01,0.007,0.0,1.86,20.0
2025-09-24 15:00:00+00:00,local-grid-01,0.302,0.0,0.97,52.0
2025-09-24 16:00:00+00:00,local-grid-01,0.033,0.0,2.68,44.0
2025-09-24 17:00:00+00:00,local-grid-01,0.297,0.0,2.44,43.0
2025-09-24 18:00:00+00:00,local-grid-01,0.224,0.0,2.7,41.0
2025-09-24 19:00:00+00:00,local-grid-01,0.877,0.07,3.32,78.0
2025-09-24 20:00:00+00:00,local-grid-01,0.033,0.0,3.54,32.0
2025-09-24 21:00:00+00:00,local-grid-01,0.042,0.0,3.0,44.0
2025-09-24 22:00:00+00:00,local-grid-01,0.358,0.0,2.79,50.0
2025-09-24 23:00:00+00:00,local-grid-01,0.338,0.0,2.26,52.0
2025-09-25 00:00:00+00:00,local-grid-01,0.214,0.0,2.49,47.0
2025-09-25 01:00:00+00:00,local-grid-01,0.602,0.136,2.73,63.0
2025-09-25 02:00:00+00:00,local-grid-01,0.029,0.0,1.82,32.0
2025-09-25 03:00:00+00:00,local-grid-01,0.057,0.0,0.43,30.0
2025-09-25 04:00:00+00:00,local-grid-01,0.178,0.0,0.76,42.0
2025-09-25 05:00:00+00:00,local-grid-01,0.335,0.0,0.05,51.0
2025-09-25 06:00:00+00:00,local-grid-01,0.003,0.0,-0.46,34.0
2025-09-25 07:00:00+00:00,local-grid-01,0.876,10.292,-0.11,57.0
2025-09-25 08:00:00+00:00,local-grid-01,0.32,0.0,0.24,52.0
2025-09-25 09:00:00+00:00,local-grid-01,0.897,0.043,0.45,78.0
2025-09-25 10:00:00+00:00,local-grid-01,0.123,0.0,0.49,43.0
2025-09-25 11:00:00+00:00,local-grid-01,0.252,0.0,0.02,30.0
2025-09-25 12:00:00+00:00,local-grid-01,0.217,0.0,0.2,40.0
2025-09-25 13:00:00+00:00,local-grid-01,0.879,0.034,0.34,78.0
2025-09-25 14:00:00+00:00,local-grid-01,0.292,0.0,1.42,46.0
2025-09-25 15:00:00+00:00,local-grid-01,0.365,0.0,2.23,56.0
2025-09-25 16:00:00+00:00,local-grid-01,0.383,0.0,2.53,49.0
2025-09-25 17:00:00+00:00,local-grid-01,0.087,0.0,2.0,20.0
2025-09-25 18:00:00+00:00,local-grid-01,0.985,0.028,3.78,53.0
2025-09-25 19:00:00+00:00,local-grid-01,0.31,0.0,3.09,35.0
2025-09-25 20:00:00+00:00,local-grid-01,0.234,0.0,3.45,32.0
2025-09-25 21:00:00+00:00,local-grid-01,0.019,0.0,3.27,42.0
2025-09-25 22:00:00+00:00,local-grid-01,0.065,0.0,1.95,45.0
2025-09-25 23:00:00+00:00,local-grid-01,0.062,0.0,3.0,43.0
2025-09-26 00:00:00+00:00,local-grid-01,0.745,0.201,3.14,67.0
2025-09-26 01:00:00+00:00,local-grid-01,0.231,0.0,1.31,26.0
2025-09-26 02:00:00+00:00,local-grid-01,0.019,0.0,0.93,26.0
2025-09-26 03:00:00+00:00,local-grid-01,0.047,0.0,1.37,50.0
2025-09-26 04:00:00+00:00,local-grid-01,0.226,0.0,0.8,31.0
2025-09-26 05:00:00+00:00,local-grid-01,0.106,0.0,0.75,41.0
2025-09-26 06:00:00+00:00,local-grid-01,0.199,0.0,-0.42,40.0
2025-09-26 07:00:00+00:00,local-grid-01,0.221,0.0,0.47,38.0
2025-09-26 08:00:00+00:00,local-grid-01,0.214,0.0,-0.94,39.0
2025-09-26 09:00:00+00:00,local-grid-01,0.038,0.0,-0.15,41.0
2025-09-26 10:00:00+00:00,local-grid-01,0.208,0.0,0.39,24.0
2025-09-26 11:00:00+00:00,local-grid-01,0.226,0.0,0.01,43.0
2025-09-26 12:00:00+00:00,local-grid-01,0.176,0.0,0.79,18.0
2025-09-26 13:00:00+00:00,local-grid-01,0.297,0.0,1.75,42.0
2025-09-26 14:00:00+00:00,local-grid-01,0.043,0.0,1.02,38.0
